0.000000 0.000000000 0.000000000 0.000000000 -0.000000000 -0.000000000 -0.000000000 1.000000000
311075200.000000 -0.020029293 -0.014716007 2.132874250 0.002464284 -0.005694621 0.000926339 0.999980330
414691700.000000 -0.036679201 -0.017590037 2.883465528 0.002807404 -0.008194826 0.000190752 0.999962449
622044800.000000 -0.092466362 -0.032494605 4.431185246 0.003551602 -0.012411898 -0.000245773 0.999916613
829419900.000000 -0.150628939 -0.045165572 6.037845135 0.003142403 -0.017049754 -0.001628795 0.999848425
1036910000.000000 -0.224339366 -0.062352974 7.680104733 0.000402806 -0.020827282 -0.001139043 0.999782383
1347979000.000000 -0.344579220 -0.086442634 10.230941772 0.001030325 -0.024261693 -0.000022848 0.999705136
1658960000.000000 -0.495244086 -0.113534674 12.864907265 0.001867805 -0.026798757 -0.000128569 0.999639094
1969923000.000000 -0.655443192 -0.146922097 15.575578690 0.003974171 -0.029018264 -0.002849905 0.999566972
2281017000.000000 -0.831753135 -0.189147905 18.357339859 0.002313753 -0.030836729 -0.002445473 0.999518752
2591988000.000000 -1.017912269 -0.225631297 21.177391052 0.002242855 -0.032511607 -0.001685891 0.999467432
2903084000.000000 -1.208273649 -0.256612897 24.053894043 -0.002733194 -0.031270564 -0.002019762 0.999505162
3317669000.000000 -1.450043440 -0.283922642 27.970308304 0.002189860 -0.028754991 -0.002481133 0.999581039
3628545000.000000 -1.617118359 -0.316205174 30.970310211 -0.002590180 -0.028856583 0.001477532 0.999579132
3835871000.000000 -1.720697880 -0.331379294 32.984127045 -0.000569873 -0.030166231 0.006336327 0.999524653
4043107000.000000 -1.845302582 -0.347437829 35.021461487 0.001781802 -0.032013778 0.005744263 0.999469340
4250460000.000000 -1.982831120 -0.372174203 37.086120605 -0.000256559 -0.033082951 0.004281544 0.999443412
4457940000.000000 -2.137329817 -0.397993416 39.158924103 -0.002160977 -0.033991650 0.003331359 0.999414206
4665293000.000000 -2.292779446 -0.411293626 41.225990295 -0.004737108 -0.034178305 0.000597076 0.999404371
4872532000.000000 -2.431687355 -0.421413571 43.290561676 -0.003626452 -0.034396861 0.000723373 0.999401450
5183503000.000000 -2.656396389 -0.436741441 46.365192413 -0.003047983 -0.035451189 0.000866546 0.999366403
5494473000.000000 -2.891585827 -0.463471979 49.396072388 0.000329316 -0.036369585 -0.000985950 0.999337912
5805571000.000000 -3.109256268 -0.497996718 52.406536102 -0.002425125 -0.036948025 0.000319998 0.999314189
6116541000.000000 -3.324364185 -0.531012118 55.361423492 -0.001723446 -0.037340228 0.004253162 0.999292135
6531383000.000000 -3.614530087 -0.553305984 59.270980835 -0.008130639 -0.039122630 0.006540253 0.999179959
6945963000.000000 -3.945409298 -0.583159029 63.057048798 -0.000155973 -0.041422881 0.001680501 0.999140322
7256934000.000000 -4.194603443 -0.616525471 65.784660339 -0.001780414 -0.042932719 -0.001234417 0.999075651
7567786000.000000 -4.437271118 -0.653335452 68.389678955 -0.002783401 -0.045294557 -0.002311945 0.998967111
7775144000.000000 -4.600605011 -0.668354988 70.053833008 -0.004591963 -0.046561059 -0.003572417 0.998898506
7982493000.000000 -4.768790722 -0.675309956 71.655174255 -0.007355706 -0.047926158 -0.005756393 0.998807192
8189849000.000001 -4.929691315 -0.692927003 73.177284241 -0.001641195 -0.049149998 -0.007362324 0.998762906
8397102000.000000 -5.080745220 -0.707706213 74.623161316 0.001816027 -0.050145838 -0.007428587 0.998712659
8500847000.000000 -5.152828217 -0.717512488 75.314041138 0.000170441 -0.050640080 -0.008737291 0.998678744
8708175000.000000 -5.298495770 -0.743547440 76.645408630 0.000618977 -0.051730692 -0.007260225 0.998634517
9019162000.000000 -5.466787815 -0.791722119 78.494377136 0.005207154 -0.049714174 -0.002697621 0.998746276
9433986000.000000 -5.640855789 -0.841309011 80.751350403 -0.001790855 -0.038485460 -0.000064925 0.999257565
9953059000.000000 -5.681920052 -0.872404993 83.273155212 -0.002541505 0.007844926 -0.004471321 0.999956012
10472640000.000000 -5.302423954 -0.901328325 85.494132996 -0.004858538 0.101849720 -0.004199495 0.994779110
11200570000.000000 -3.876461029 -0.944109857 87.969856262 0.001290650 0.308051288 -0.005154129 0.951354921
12030000000.000000 -1.280506134 -0.993379056 89.613990784 0.002603625 0.524385035 -0.005456855 0.851459801
12547670000.000000 0.584083557 -1.019400120 90.119575500 0.007526604 0.604616225 -0.000955669 0.796480775
13065200000.000000 2.636375427 -1.067368746 90.424148560 0.019479090 0.651181400 -0.003530540 0.758663893
13375880000.000000 4.034049988 -1.122166038 90.577392578 0.015056458 0.669319332 -0.002572765 0.742817879
13790340000.000000 6.103385925 -1.185964465 90.686859131 0.018137410 0.684977174 0.002038407 0.728335917
14101300000.000000 7.850929260 -1.232553482 90.760345459 0.019925198 0.691159904 0.002542215 0.722422659
14412270000.000000 9.750328064 -1.289883733 90.820495605 0.021222282 0.694915473 0.004295135 0.718765378
14619680000.000000 11.110527039 -1.326199651 90.848945618 0.023251222 0.695974588 0.006894186 0.717656791
14930480000.000000 13.278343201 -1.391217232 90.921737671 0.025898632 0.693334877 0.009673909 0.720085025
15241450000.000000 15.617294312 -1.456109524 91.021179199 0.025330776 0.688696921 0.011583149 0.724514127
15552550000.000000 18.066154480 -1.520313263 91.190437317 0.022163562 0.684387147 0.009826387 0.728715718
15863640000.000000 20.579830170 -1.608926177 91.387596130 0.022772040 0.682919919 0.001911075 0.730135739
16174740000.000000 23.103939056 -1.713218451 91.568939209 0.019868661 0.682947516 0.001637577 0.730195343
16485710000.000002 25.620903015 -1.813862562 91.757385254 0.017356090 0.682668984 -0.000881710 0.730521142
16796679999.999998 28.105716705 -1.913969636 91.926231384 0.014138952 0.685507238 -0.003585168 0.727919698
17107900000.000000 30.604751587 -2.000238657 92.053482056 0.011085155 0.692102909 -0.003659678 0.721704483
17419150000.000000 33.054691315 -2.084496737 92.099624634 0.011555291 0.702389717 -0.003365417 0.711690903
17730220000.000000 35.477268219 -2.169798613 92.079696655 0.010785620 0.714108229 -0.002872886 0.699946404
17937460000.000000 37.076557159 -2.227313995 92.019653320 0.011072988 0.721654892 -0.003529014 0.692155421
18248550000.000000 39.416534424 -2.308275700 91.865730286 0.012454137 0.731698811 -0.003661431 0.681504488
18663260000.000000 42.432983398 -2.415306807 91.570159912 0.013511757 0.741965950 -0.000276059 0.670301378
18974110000.000000 44.585128784 -2.489283085 91.321792603 0.013829552 0.744594038 0.002952741 0.667367756
19181410000.000000 45.937744141 -2.530430079 91.174110413 0.014912424 0.744579673 0.002920719 0.667360604
19492240000.000000 47.851352692 -2.596765995 90.993499756 0.016162794 0.739154458 0.002054949 0.673338890
19906520000.000000 50.117641449 -2.688032389 90.904167175 0.016541148 0.717467248 -0.001071788 0.696394980
20320610000.000000 52.226860046 -2.782746792 91.066452026 0.015483974 0.672714293 -0.003915984 0.739729941
20837960000.000000 54.693027496 -2.878941536 91.792266846 0.006445552 0.575700521 -0.003589480 0.817627370
21148370000.000000 55.934444427 -2.917834759 92.541320801 0.013409146 0.493241251 -0.004584916 0.869777143
21562720000.000000 57.239971161 -2.969334602 93.880241394 0.015609859 0.369198859 -0.009520587 0.929170549
21977710000.000000 58.170421600 -3.026024342 95.536430359 0.003295911 0.243721351 -0.006436946 0.969818354
22601290000.000000 58.929710388 -3.063507318 98.330757141 -0.002471067 0.125497028 -0.011605079 0.992023051
23329700000.000000 59.657360077 -3.094008446 102.018852234 0.001895230 0.102527872 -0.020847805 0.994509876
23745190000.000000 60.164310455 -3.128603458 104.387260437 0.004863466 0.111809567 -0.023933530 0.993429542
24263960000.000000 60.956993103 -3.184856176 107.587814331 -0.000675828 0.119566917 -0.015698517 0.992701828
24678100000.000000 61.603778839 -3.228556633 110.323310852 0.005782768 0.116472743 -0.016536433 0.993039370
25092670000.000000 62.268642426 -3.276234388 113.289741516 0.001308719 0.112520590 -0.020022692 0.993446827
25299900000.000000 62.605209351 -3.295944214 114.822395325 0.005617378 0.108546697 -0.019278226 0.993888557
25610880000.000000 63.119312286 -3.346072674 117.215835571 0.002773483 0.103912584 -0.015827905 0.994456649
25921980000.000000 63.637641907 -3.377068281 119.695793152 0.000733302 0.102731615 -0.012393485 0.994631648
26440340000.000000 64.473144531 -3.452538729 123.948608398 0.001313561 0.106776901 -0.026373476 0.993932307
26958500000.000000 65.425376892 -3.554567814 128.207672119 0.003824252 0.110560477 -0.018801484 0.993684232
27476870000.000000 66.376785278 -3.641440153 132.440948486 0.007712869 0.112833969 -0.019880820 0.993385017
27787700000.000000 66.964439392 -3.707188129 134.974182129 -0.002253071 0.111430064 -0.015073899 0.993655443
28202280000.000000 67.681343079 -3.752090931 138.305557251 0.004587037 0.109251425 -0.019014567 0.993821681
28616840000.000000 68.381256104 -3.838634014 141.608383179 0.005817931 0.102545105 -0.017174928 0.994563043
29031560000.000000 68.999717712 -3.927085161 144.877487183 0.001937706 0.098589182 -0.023086442 0.994858503
29238910000.000000 69.313529968 -3.967236042 146.483154297 0.003630422 0.096522368 -0.021254588 0.995097280
29446140000.000000 69.619171143 -4.002002239 148.093582153 0.006520824 0.090800062 -0.017302660 0.995697498
29653420000.000000 69.893890381 -4.031304836 149.732345581 -0.000038756 0.084636047 -0.015867749 0.996285617
29964620000.000000 70.260612488 -4.063164711 152.176040649 -0.004058373 0.078547634 -0.019459384 0.996712208
30379310000.000000 70.700439453 -4.107035160 155.437240601 0.001585366 0.064439304 -0.020529961 0.997709215
30794050000.000000 71.022827148 -4.172340393 158.764160156 0.004872989 0.046994060 -0.023831706 0.998598933
31208610000.000000 71.236007690 -4.216436863 162.121765137 -0.004093774 0.032168444 -0.027138084 0.999105632
31623420000.000000 71.372047424 -4.257902145 165.458084106 0.003855129 0.024549790 -0.032548323 0.999161184
32038040000.000004 71.486465454 -4.286940575 168.820953369 -0.006164534 0.017763130 -0.033435911 0.999264002
32452660000.000000 71.547492981 -4.316978931 172.152877808 -0.002555751 0.004257547 -0.027200116 0.999617696
32971200000.000004 71.514747620 -4.336639881 176.396926880 0.002218635 -0.012408788 -0.012133608 0.999846935
33386030000.000000 71.356147766 -4.360349655 179.827163696 -0.009946135 -0.023808319 -0.016227223 0.999535322
33697130000.000000 71.178260803 -4.358938217 182.376312256 0.001806922 -0.027933266 -0.022288287 0.999359667
34112090000.000004 70.957366943 -4.381015301 185.859039307 -0.005911392 -0.030051611 -0.019640706 0.999337912
34630670000.000000 70.687255859 -4.429446220 190.168807983 0.004028713 -0.034667242 -0.009191889 0.999348521
35148870000.000000 70.344085693 -4.480798244 194.440383911 0.002237686 -0.036585972 -0.015422798 0.999208987
35459850000.000000 70.125251770 -4.515884876 196.972259521 -0.002272502 -0.036912709 -0.020550543 0.999104619
35770940000.000000 69.918663025 -4.544916630 199.446166992 0.002424489 -0.037899800 -0.022062292 0.999035001
36082080000.000000 69.718185425 -4.565140247 201.894500732 -0.007022264 -0.040310163 -0.021631094 0.998928428
36496880000.000000 69.456222534 -4.586697578 204.940765381 0.000757680 -0.040368602 -0.018389294 0.999015331
36911770000.000000 69.255607605 -4.639562607 207.724090576 0.002969658 -0.034032069 -0.015284376 0.999299467
37430160000.000000 69.071510315 -4.697287560 211.094802856 0.005425392 -0.017675953 -0.020686381 0.999615073
37948360000.000000 69.047355652 -4.778098106 214.423538208 0.000907403 -0.001635537 -0.013307601 0.999909699
38570230000.000000 69.009460449 -4.815577984 218.428970337 -0.001085494 0.000459193 -0.020706261 0.999784887
39088300000.000000 68.951843262 -4.858346939 221.814376831 0.000833792 -0.006682921 -0.023469806 0.999701917
39606730000.000000 68.856239319 -4.872281551 225.316040039 -0.002966544 -0.015344198 -0.017980140 0.999716222
40228960000.000000 68.750785828 -4.886090755 229.596160889 -0.002981789 -0.019564649 -0.000539999 0.999804020
40643620000.000000 68.647193909 -4.894986629 232.457443237 -0.007664033 -0.021196477 0.005656071 0.999729991
40850980000.000000 68.584320068 -4.905719757 233.856796265 -0.002962220 -0.021120479 0.007567949 0.999743938
41058450000.000000 68.521934509 -4.918497562 235.236236572 0.004408502 -0.021157909 0.007715635 0.999736667
41265810000.000000 68.464073181 -4.936446190 236.612274170 0.000720724 -0.021079984 0.007102328 0.999752343
41473270000.000000 68.421203613 -4.958106995 237.938491821 -0.005617347 -0.021739125 0.008328067 0.999713242
41887680000.000000 68.302719116 -4.974215508 240.354812622 -0.007557523 -0.029894160 0.014250799 0.999422908
42508850000.000000 67.853164673 -5.013165474 243.479064941 -0.006308225 -0.089408085 0.017503234 0.995821297
43026190000.000000 67.052413940 -5.044918537 245.691970825 0.000024415 -0.189834774 0.010577198 0.981759071
43647150000.000000 65.395034790 -5.072265625 247.765319824 0.001170250 -0.350333661 -0.020741021 0.936394572
44165420000.000000 63.652557373 -5.004792213 248.892349243 -0.013151011 -0.478074849 -0.036365654 0.877467394
44787490000.000000 61.201370239 -4.870765209 249.623046875 -0.013257610 -0.618771672 -0.023634417 0.785103440
45203360000.000000 59.266769409 -4.782082558 249.754608154 -0.013752945 -0.682346046 -0.022156231 0.730564117
45514850000.000000 57.708541870 -4.712991238 249.720458984 -0.010451741 -0.710071564 -0.021464000 0.703724682
45930510000.000000 55.389373779 -4.627318859 249.566253662 -0.005785346 -0.727386594 -0.022224760 0.685843527
46450210000.000000 52.095153809 -4.508906364 249.336120605 -0.006510894 -0.729250193 -0.022237519 0.683854759
46865420000.000000 49.077636719 -4.397062302 249.147079468 -0.005757073 -0.727949202 -0.018177263 0.685365915
47384120000.000000 44.849670410 -4.269482613 248.916931152 -0.008944043 -0.725447893 -0.015832141 0.688036919
47798710000.000000 41.210845947 -4.148421764 248.733032227 -0.014825135 -0.724259794 -0.018658083 0.689115286
48213880000.000000 37.610534668 -4.034290791 248.533142090 -0.015620170 -0.726550102 -0.015648030 0.686757684
48627780000.000000 33.993041992 -3.904144287 248.306915283 -0.020933483 -0.730600715 -0.016312392 0.682289004
49042590000.000000 30.428466797 -3.776072025 248.016082764 -0.015660778 -0.733413935 -0.016873183 0.679392517
49353850000.000000 27.796417236 -3.694028854 247.792709351 -0.010152216 -0.733685911 -0.017112656 0.679197371
49664690000.000000 25.185577393 -3.625064373 247.592315674 -0.011146758 -0.731766224 -0.016808700 0.681257308
49872030000.000000 23.463317871 -3.579297066 247.483734131 -0.014817464 -0.730554640 -0.015243576 0.682523251
49975760000.000000 22.611541748 -3.555125237 247.435302734 -0.016823245 -0.729921460 -0.013272338 0.683195055
50079370000.000000 21.761505127 -3.530007362 247.380081177 -0.015939590 -0.729265571 -0.012968435 0.683922112
50286730000.000000 20.069854736 -3.482001305 247.273574829 -0.017061293 -0.728400290 -0.011675021 0.684839964
50597700000.000000 17.524688721 -3.399200439 247.107086182 -0.019864276 -0.729073465 -0.015885254 0.683962643
51012410000.000000 14.232177734 -3.294131756 246.851074219 -0.015636817 -0.733612239 -0.013555421 0.679253101
51323380000.000000 11.781219482 -3.223060608 246.622222900 -0.013817275 -0.738510609 -0.016137792 0.673907161
51634350000.000000 9.370239258 -3.151119471 246.352920532 -0.011390997 -0.742324054 -0.021397945 0.669602394
51945450000.000000 7.045043945 -3.074605942 246.071014404 -0.006123220 -0.743697703 -0.025399381 0.668005347
52152940000.000000 5.539459229 -3.027647972 245.900787354 -0.004348306 -0.743931055 -0.027443266 0.667678595
52463930000.000000 3.401550293 -2.958850384 245.652694702 -0.002170790 -0.743081629 -0.030228291 0.668514192
52775000000.000000 1.398376465 -2.899195910 245.445098877 -0.001090885 -0.740242481 -0.031589679 0.671596587
52982360000.000000 0.132781982 -2.858418465 245.331939697 -0.001166711 -0.738369465 -0.029975208 0.673729002
53085970000.000000 -0.476104736 -2.838781357 245.283782959 -0.001751410 -0.737412333 -0.028934520 0.674820542
53189580000.000000 -1.074005127 -2.820966959 245.232269287 -0.001768680 -0.736352205 -0.029333632 0.675959945
53293220000.000000 -1.655456543 -2.804377079 245.189346313 -0.002028892 -0.735100746 -0.029869281 0.677296519
53396940000.000000 -2.218811035 -2.788749218 245.147354126 -0.001584863 -0.733747005 -0.030266374 0.678746462
53500560000.000000 -2.761291504 -2.773435354 245.107788086 -0.001659055 -0.732160985 -0.029839350 0.680475771
53707910000.000000 -3.799682617 -2.744217873 245.040542603 -0.002537737 -0.729099631 -0.029816154 0.683753073
53915140000.000000 -4.768768311 -2.710941553 244.991119385 -0.003778197 -0.726127803 -0.029623520 0.686910927
54537210000.000000 -7.260055542 -2.633404016 244.930358887 -0.006163149 -0.714621902 -0.028429704 0.698905826
55366390000.000000 -9.393707275 -2.582274199 244.958633423 -0.004622498 -0.702425838 -0.021483945 0.711417615
58994310000.000000 -11.695098877 -2.541164637 245.122756958 0.004419182 -0.673388660 -0.013777278 0.739147067
59720500000.000000 -13.517761230 -2.533378601 245.645858765 -0.003658239 -0.597515643 -0.012259936 0.801755250
60239770000.000000 -14.961738586 -2.509761333 246.476654053 -0.007824349 -0.496091008 -0.019801481 0.868009508
60654780000.000000 -16.029861450 -2.491936445 247.568191528 -0.004457945 -0.389037371 -0.014839428 0.921091676
61069630000.000000 -16.946994781 -2.459655285 249.075149536 -0.001828884 -0.265979737 -0.013169765 0.963886917
61380460000.000000 -17.433792114 -2.461301804 250.477600098 -0.001609207 -0.181285962 -0.008052642 0.983396173
61691060000.000000 -17.787939072 -2.461780071 252.079620361 0.001817247 -0.111334376 -0.007797682 0.993750751
62002740000.000000 -18.004459381 -2.475492001 253.864822388 0.000598925 -0.063194908 -0.005937363 0.997983396
62311500000.000000 -18.142572403 -2.490882635 255.811401367 0.000019555 -0.038158908 -0.002942809 0.999267399
62725220000.000000 -18.292184830 -2.511994600 258.633636475 0.001935156 -0.023946291 -0.002389931 0.999708533
62932200000.000000 -18.360475540 -2.523730755 260.143646240 0.001223408 -0.021601107 -0.002095820 0.999763727
63035810000.000000 -18.398374557 -2.530696154 260.915222168 0.000133959 -0.020881820 -0.002406443 0.999779046
63139420000.000000 -18.428766251 -2.534201384 261.716003418 -0.001093596 -0.020567955 -0.001943743 0.999786019
63346530000.000000 -18.503040314 -2.548874378 263.348754883 -0.000771732 -0.021604823 -0.001384405 0.999765337
63553890000.000000 -18.583547592 -2.559858799 265.027252197 0.003959358 -0.023316506 -0.001678244 0.999718904
63761250000.000000 -18.674442291 -2.583178759 266.773651123 0.005644789 -0.023825005 -0.003529205 0.999693990
64072220000.000000 -18.810779572 -2.607529640 269.506530762 -0.005096527 -0.023330495 -0.002213304 0.999712408
64486930000.000000 -18.994903564 -2.628213406 273.271972656 0.005346964 -0.025579818 0.002096696 0.999656320
64797940000.000000 -19.161586761 -2.675445795 276.245788574 0.001669350 -0.026337693 0.000036201 0.999651730
65108990000.000008 -19.325490952 -2.692933559 279.322418213 -0.002716735 -0.025859550 0.000556239 0.999661744
65419850000.000000 -19.490715027 -2.709805012 282.450439453 0.001972497 -0.026473125 0.002417257 0.999644697
65730790000.000000 -19.671775818 -2.749286652 285.657287598 -0.001443848 -0.028579406 0.003085299 0.999585748
66041659999.999992 -19.869543076 -2.788395643 288.864746094 0.004577412 -0.031199535 0.004409300 0.999493003
66248940000.000008 -20.012069702 -2.832928896 291.031280518 0.004231608 -0.032837018 0.003301522 0.999446332
66456239999.999992 -20.167633057 -2.871159792 293.183807373 -0.000181680 -0.034051381 0.001731719 0.999418557
66663590000.000000 -20.327466965 -2.906176567 295.348205566 -0.002398615 -0.035139073 -0.000615882 0.999379396
66974570000.000000 -20.559934616 -2.938747644 298.565429688 0.000832593 -0.035214566 -0.000243353 0.999379396
67285669999.999992 -20.796119690 -2.994382620 301.751800537 0.002656108 -0.035093158 -0.000363295 0.999380469
67596630000.000008 -21.032196045 -3.046966076 304.938842773 -0.000057511 -0.034551561 -0.003070732 0.999398232
67803900000.000000 -21.178180695 -3.064966679 307.045867920 -0.004272676 -0.033982266 -0.004986140 0.999400914
68011290000.000000 -21.328609467 -3.081075668 309.136474609 -0.001630718 -0.033586286 -0.007742344 0.999404550
68218650000.000000 -21.477199554 -3.099337578 311.227783203 0.001960995 -0.033325188 -0.010039855 0.999392211
68529590000.000000 -21.705116272 -3.156230688 314.377990723 0.002468296 -0.033005349 -0.013109936 0.999366164
68840530000.000000 -21.922487259 -3.195207119 317.534149170 0.000095502 -0.033203181 -0.012705716 0.999367833
69151620000.000000 -22.138820648 -3.230381489 320.744354248 0.000112919 -0.032150239 -0.013117114 0.999396980
69462640000.000000 -22.350851059 -3.257375717 323.968200684 -0.000253444 -0.031216394 -0.013170877 0.999425828
69669950000.000000 -22.491189957 -3.284769535 326.147979736 0.002646838 -0.030926283 -0.013434335 0.999427915
69877300000.000000 -22.634035110 -3.312334538 328.361022949 0.002901704 -0.031081878 -0.012243146 0.999437690
70188400000.000000 -22.846260071 -3.350021362 331.697052002 -0.002084504 -0.030679876 -0.012327096 0.999451101
70499370000.000000 -23.060279846 -3.377061605 335.015167236 -0.002270420 -0.030686965 -0.010315866 0.999473214
70810370000.000000 -23.264883041 -3.411481857 338.310485840 -0.000829571 -0.031241776 -0.007871036 0.999480546
70913960000.000000 -23.330585480 -3.421525240 339.407287598 -0.002332765 -0.031298488 -0.006563964 0.999485850
71121200000.000000 -23.461164474 -3.438145876 341.581481934 -0.004929687 -0.031806476 -0.003476271 0.999475837
71328430000.000000 -23.598192215 -3.453139782 343.743652344 -0.001420218 -0.032205474 -0.000446106 0.999480188
71535850000.000000 -23.741104126 -3.475288868 345.881469727 -0.001289310 -0.032666273 0.000861987 0.999465108
71743010000.000000 -23.875209808 -3.499833822 347.993682861 -0.003923371 -0.033796139 0.002754363 0.999417245
72053920000.000000 -24.084463120 -3.525437355 351.078796387 -0.005437316 -0.035371263 0.005822262 0.999342501
72364830000.000000 -24.308423996 -3.543901920 354.078247070 -0.003454490 -0.036865417 0.005692069 0.999298096
72779440000.000000 -24.617551804 -3.586008072 357.932556152 -0.004066193 -0.037974108 0.003332082 0.999264896
73090510000.000000 -24.829105377 -3.610430717 360.672241211 -0.002633693 -0.037077010 0.002978013 0.999304533
73297870000.000000 -24.955541611 -3.637337208 362.411712646 -0.003710149 -0.035345823 0.003564870 0.999361932
73505110000.000000 -25.066347122 -3.655950069 364.067871094 -0.004424392 -0.033726666 0.004680918 0.999410331
73608900000.000000 -25.112321854 -3.660539389 364.867462158 -0.005349755 -0.032826416 0.006128598 0.999427974
73712560000.000000 -25.158269882 -3.668039322 365.639770508 -0.006283606 -0.032082662 0.006504152 0.999444306
73816140000.000000 -25.200742722 -3.674124718 366.383178711 -0.007044281 -0.031231133 0.005573593 0.999471843
73919840000.000000 -25.247173309 -3.677590847 367.100982666 -0.007015031 -0.030370586 0.005588822 0.999498487
74023430000.000000 -25.292892456 -3.691173077 367.802520752 -0.005379686 -0.029773094 0.005641991 0.999526262
74127170000.000000 -25.329923630 -3.697690010 368.477874756 -0.002635580 -0.029120639 0.005707158 0.999556184
74230880000.000000 -25.370603561 -3.702288628 369.132385254 -0.001374623 -0.028496316 0.005469895 0.999577999
74334400000.000000 -25.407520294 -3.707679510 369.764678955 -0.001712914 -0.028007731 0.005445765 0.999591410
74541650000.000000 -25.471540451 -3.727175236 370.964599609 -0.004871810 -0.027998826 0.005519152 0.999580860
74852540000.000000 -25.590082169 -3.748344898 372.575592041 -0.002455598 -0.033667330 0.004090228 0.999421716
75266650000.000000 -25.817708969 -3.775584221 374.457550049 0.000091099 -0.061213944 0.002788264 0.998120785
75680410000.000000 -26.242689133 -3.796441793 376.187835693 -0.004172551 -0.117038451 0.000989085 0.993118107
76197600000.000000 -27.147972107 -3.797879696 378.078002930 -0.010814299 -0.227671117 -0.003448277 0.973671973
76714820000.000000 -28.534118652 -3.765935421 379.687255859 -0.020047206 -0.362147510 -0.011381320 0.931835711
77336250000.000000 -31.030303955 -3.638290405 381.214202881 -0.026984207 -0.536446214 0.002974822 0.843497813
77750840000.000000 -33.164794922 -3.563248634 381.676483154 -0.028340157 -0.646129191 0.011144761 0.762620270
78062560000.000000 -34.885314941 -3.522779465 381.618652344 -0.024030415 -0.705939114 -0.004844313 0.707848251
78479010000.000000 -37.325592041 -3.424144745 381.339233398 -0.024334311 -0.742679775 -0.014902236 0.669038594
78895610000.000000 -39.867706299 -3.327051163 380.998840332 -0.011004073 -0.748613775 -0.004752018 0.662898004
79311380000.000000 -42.632995605 -3.273076057 380.671783447 -0.015023081 -0.747188687 -0.008206771 0.664391458
79518970000.000000 -44.076232910 -3.236737728 380.495574951 -0.011129864 -0.745617867 -0.010207342 0.666202664
79726400000.000000 -45.589935303 -3.198066235 380.328399658 -0.008705981 -0.742525160 -0.011989276 0.669654310
79933870000.000000 -47.180084229 -3.156399250 380.167510986 -0.009232027 -0.739562392 -0.016138133 0.672831178
80244850000.000000 -49.680725098 -3.078589439 379.936950684 -0.008443670 -0.736173809 -0.015177769 0.676569641
80659450000.000000 -53.251373291 -2.959705353 379.672912598 -0.015559012 -0.731950045 -0.019301943 0.680907130
81074090000.000000 -56.929718018 -2.818458557 379.416198730 -0.012230654 -0.729099929 -0.017391754 0.684076905
81488620000.000000 -60.684967041 -2.701853752 379.168151855 -0.013819607 -0.729751766 -0.017624751 0.683345258
81799470000.000000 -63.488006592 -2.610056877 378.959014893 -0.012322329 -0.730948567 -0.020193486 0.682022512
82006700000.000000 -65.337432861 -2.548372269 378.818176270 -0.011532578 -0.731761575 -0.020778561 0.681146324
82317670000.000000 -68.092468262 -2.460933208 378.587829590 -0.011501760 -0.734420419 -0.020275213 0.678294480
82628780000.000000 -70.857543945 -2.366156101 378.324554443 -0.010327839 -0.738169253 -0.024847303 0.674078703
82836140000.000000 -72.681091309 -2.299253464 378.138793945 -0.007395413 -0.739971578 -0.023433963 0.672189116
83147220000.000000 -75.416778564 -2.208348751 377.860382080 -0.008158633 -0.740950346 -0.023805782 0.671088159
83458190000.000000 -78.143493652 -2.119320393 377.591888428 -0.006093545 -0.739326656 -0.023031751 0.672925413
83769380000.000000 -80.864746094 -2.038178444 377.338226318 -0.005958975 -0.735052824 -0.026327454 0.677472293
84183750000.000000 -84.472045898 -1.915875912 377.090209961 -0.006747294 -0.728037536 -0.026385542 0.684996068
84598480000.000000 -88.039093018 -1.803359032 376.901580811 -0.004674175 -0.721034050 -0.025560414 0.692412198
85012960000.000000 -91.567962646 -1.695319176 376.792449951 -0.007759044 -0.714993536 -0.027219089 0.698557973
85324080000.000000 -94.101867676 -1.607831955 376.756958008 -0.009186158 -0.712830424 -0.023183085 0.700892985
85635010000.000000 -96.463348389 -1.543424606 376.730682373 -0.011050696 -0.712501407 -0.019516123 0.701312184
85842510000.000000 -97.930877686 -1.502336502 376.710388184 -0.012375601 -0.713649094 -0.017475842 0.700176060
86153190000.000000 -99.950378418 -1.457074165 376.647705078 -0.016357580 -0.718108833 -0.017456399 0.695519507
86464180000.000000 -101.801666260 -1.401384354 376.553222656 -0.015926357 -0.724882960 -0.014390494 0.688537538
86775140000.000000 -103.617889404 -1.353549004 376.409179688 -0.016554028 -0.732512176 -0.015145221 0.680384159
87190180000.000000 -105.990661621 -1.288438797 376.161132812 -0.011889212 -0.741507828 -0.011258946 0.670744479
87604560000.000000 -108.391387939 -1.241739750 375.859588623 -0.008924898 -0.748328686 -0.010859923 0.663179159
88019280000.000000 -110.900695801 -1.195842981 375.499023438 -0.004700541 -0.752828419 -0.012198186 0.658087075
88434330000.000000 -113.539550781 -1.146817207 375.127838135 -0.006339874 -0.753383458 -0.013650631 0.657409191
88848890000.000000 -116.393524170 -1.043075562 374.729339600 -0.012890912 -0.751110792 -0.028767657 0.659423172
89056170000.000000 -117.860900879 -0.984237194 374.535919189 -0.002485949 -0.748921931 -0.021722540 0.662297487
89263540000.000000 -119.422302246 -0.903978825 374.348785400 -0.004209478 -0.746121943 -0.024254294 0.665354133
89470880000.000000 -121.065063477 -0.844185829 374.169433594 -0.012584541 -0.743075430 -0.032459565 0.668301523
89781980000.000000 -123.582092285 -0.726158500 373.910247803 0.001206176 -0.739805222 -0.019863388 0.672526717
89885590000.000000 -124.463012695 -0.693854451 373.825897217 0.002085608 -0.738393307 -0.023205234 0.673967719
90092950000.000000 -126.295288086 -0.636010170 373.651824951 0.000693374 -0.734085202 -0.031577308 0.678322494
90404050000.000000 -129.092224121 -0.562629938 373.470428467 0.008992995 -0.727091432 -0.017362181 0.686262250
90715140000.000000 -132.048004150 -0.512239933 373.349395752 -0.003896252 -0.719711900 -0.023673136 0.693858206
91025980000.000000 -135.032348633 -0.420304775 373.263549805 -0.003079769 -0.716031969 -0.019815085 0.697779417
91336840000.000000 -138.062789917 -0.353763580 373.179443359 -0.005718146 -0.715821326 -0.019528672 0.697986960
91647680000.000000 -141.115341187 -0.269278526 373.070861816 -0.007789242 -0.718574345 -0.022626897 0.695038319
91958670000.000000 -144.131164551 -0.192951202 372.952514648 -0.006394424 -0.722259939 -0.012216859 0.691484213
92373110000.000000 -148.143096924 -0.109964371 372.722106934 -0.009146686 -0.725912511 -0.017032022 0.687515259
92787830000.000000 -152.084960938 -0.020895958 372.459106445 -0.006253129 -0.728874624 -0.016410429 0.684421957
93098570000.000000 -155.058822632 0.060852051 372.261169434 -0.014101751 -0.731811821 -0.020090355 0.681064606
93305780000.000000 -156.991943359 0.124112129 372.098358154 -0.009412480 -0.734255791 -0.018092103 0.678566515
93513130000.000000 -158.922576904 0.171629906 371.932739258 -0.007975073 -0.735818207 -0.016325904 0.676935434
93824120000.000000 -161.826324463 0.255205154 371.682983398 -0.013773680 -0.737220466 -0.018973742 0.675245404
94031550000.000000 -163.727554321 0.316957474 371.507507324 -0.014662081 -0.737454534 -0.020403730 0.674929261
94238820000.000000 -165.625244141 0.383690834 371.329315186 -0.011640132 -0.737101078 -0.021540504 0.675338805
94342550000.000000 -166.570358276 0.413928986 371.244689941 -0.009643659 -0.736807466 -0.021988589 0.675676167
94549940000.000000 -168.448547363 0.470576286 371.084716797 -0.008344920 -0.735916495 -0.018910337 0.676756740
94861030000.000000 -171.243927002 0.551630974 370.853820801 -0.013384771 -0.734614432 -0.021491261 0.678012252
95275590000.000000 -174.835144043 0.675386429 370.562561035 -0.013171048 -0.733002424 -0.020500172 0.679789543
95690200000.000000 -178.193618774 0.791651726 370.305633545 -0.015247643 -0.732138157 -0.020092923 0.680688977
96104780000.000000 -181.255249023 0.883358002 370.091674805 -0.020788284 -0.732537925 -0.016120598 0.680217743
96312000000.000000 -182.669815063 0.924626350 369.981384277 -0.020124001 -0.733746231 -0.016230969 0.678931653
96519440000.000000 -183.968063354 0.959703445 369.863616943 -0.013727320 -0.735706806 -0.012123306 0.677052498
96726610000.000000 -185.222000122 0.995313644 369.730285645 -0.011775444 -0.737982035 -0.015353571 0.674542904
96933830000.000000 -186.428192139 1.018031120 369.598937988 -0.013798292 -0.741691768 -0.018098988 0.670354664
97244690000.000000 -188.138122559 1.066133499 369.370544434 -0.015336740 -0.754230917 -0.016089402 0.656232953
97658520000.000000 -190.239257812 1.118625641 368.855926514 -0.015536566 -0.790202022 -0.014376137 0.612480819
98175320000.000000 -192.531829834 1.180328369 367.783966064 -0.019987801 -0.859888256 -0.012330728 0.509941816
98692720000.000000 -194.373168945 1.261590004 366.042480469 -0.019129166 -0.929277420 -0.015517536 0.368560404
99107000000.000000 -195.378936768 1.334920764 364.163177490 -0.016205447 -0.970999181 -0.018350352 0.237826183
99521710000.000000 -195.978546143 1.418689489 361.937622070 -0.021823991 -0.993603528 -0.019788107 0.109015122
99833450000.000000 -196.104812622 1.481059074 360.129180908 -0.016853463 -0.998862267 -0.017988235 0.040823616
100145800000.000000 -196.116867065 1.545197487 358.195526123 -0.016043423 -0.999664307 -0.019225359 0.006660230
100458000000.000000 -196.071777344 1.587795377 356.184509277 0.021657551 0.999607027 0.008696401 0.015527369
100769500000.000000 -195.914566040 1.610055804 354.051361084 0.019303832 0.999148250 0.007668941 0.035656650
101081000000.000000 -195.694503784 1.629576802 351.792175293 0.016840059 0.998826981 0.007044761 0.044850126
101495800000.000000 -195.347991943 1.654898643 348.600555420 0.015681149 0.998376846 0.009775480 0.053872034
101806900000.000000 -195.015747070 1.687292337 346.073669434 0.012547069 0.998015106 0.009971878 0.060901921
102118100000.000000 -194.662963867 1.714959741 343.454254150 0.009994103 0.998004198 0.004697677 0.062174466
102325600000.000000 -194.428985596 1.723395586 341.633636475 0.009371205 0.998103917 0.006835043 0.060448617
102429300000.000000 -194.311782837 1.728245497 340.717620850 0.007636241 0.998184562 0.007584934 0.059259724
102532900000.000000 -194.199859619 1.734182358 339.796447754 0.007064939 0.998259842 0.007516743 0.058059886
102636700000.000000 -194.088226318 1.742065668 338.870178223 0.006348174 0.998332918 0.008043952 0.056801017
102740300000.000000 -193.977935791 1.746160030 337.937774658 0.005224374 0.998415172 0.008743564 0.055347633
102947600000.000000 -193.760742188 1.770870686 336.043334961 0.004918015 0.998503685 0.012696674 0.052962571
103258700000.000000 -193.452026367 1.818326950 333.173034668 0.003355832 0.998612165 0.017354457 0.049611557
103569600000.000000 -193.168472290 1.874824524 330.340148926 0.002061618 0.998794556 0.015150726 0.046644788
103880500000.000000 -192.908767700 1.923026085 327.490753174 0.003695302 0.998934865 0.013607443 0.043936070
104087700000.000000 -192.726806641 1.950098038 325.589416504 -0.000711259 0.999035239 0.012310732 0.042148415
104191300000.000000 -192.641250610 1.965220451 324.642242432 -0.002428105 0.999081731 0.012100838 0.041029677
104398600000.000000 -192.457641602 1.996504784 322.713897705 -0.006397017 0.999148965 0.013799857 0.038341172
104709600000.000000 -192.254409790 2.048413277 319.797668457 0.000673702 0.999289811 0.013378778 0.035220437
105020600000.000000 -192.044921875 2.108834267 316.854095459 0.000592339 0.999256611 0.018524829 0.033804566
105331400000.000000 -191.812026978 2.170822144 313.951812744 -0.004309453 0.999309182 0.012940961 0.034571096
105642600000.000000 -191.602996826 2.209009171 311.039947510 -0.002473333 0.999271035 0.010845837 0.036519960
105849900000.000000 -191.448471069 2.229418755 309.119873047 -0.002181121 0.999283791 0.011650780 0.035936806
106057600000.000000 -191.310043335 2.241221428 307.218780518 -0.002517755 0.999379218 0.010872043 0.033418261
106264500000.000000 -191.183212280 2.257856369 305.308349609 -0.002178523 0.999457181 0.012002040 0.030603876
106575600000.000000 -191.008300781 2.290672302 302.455932617 -0.001108300 0.999556780 0.010404135 0.027871706
106782900000.000000 -190.900024414 2.314167023 300.555541992 0.000028534 0.999536097 0.012995773 0.027544841
107197500000.000000 -190.671447754 2.350406170 296.779296875 0.006031031 0.999418736 0.010394591 0.031903297
107508500000.000000 -190.437805176 2.378005266 293.935211182 0.003030904 0.999240518 0.007741158 0.038068946
107819600000.000000 -190.197692871 2.410313606 291.051849365 0.002140439 0.999106407 0.014474774 0.039653391
108027100000.000000 -190.046401978 2.437010527 289.123321533 0.006376652 0.999123156 0.007471591 0.040699314
108234600000.000000 -189.877212524 2.450481892 287.175537109 0.006623171 0.999118149 0.008487434 0.040582977
108441900000.000000 -189.703552246 2.469944000 285.218170166 0.004874744 0.999081552 0.013898371 0.040239196
108649300000.000000 -189.541992188 2.500904560 283.273529053 0.006523569 0.999194741 0.011931300 0.037748642
108857100000.000000 -189.395904541 2.527676105 281.297760010 0.007879754 0.999289334 0.012006477 0.034852684
109064600000.000000 -189.262145996 2.560550213 279.308776855 0.009464988 0.999306083 0.016035413 0.032259606
109271400000.000000 -189.119995117 2.598983765 277.322998047 0.007279424 0.999358296 0.014751924 0.031819049
109478900000.000000 -188.983093262 2.628753662 275.325531006 0.009858496 0.999288082 0.014822355 0.033263959
109582100000.000000 -188.907638550 2.645853519 274.329528809 0.008989915 0.999240816 0.014887687 0.034861866
109685700000.000000 -188.823532104 2.670136929 273.325103760 0.007854643 0.999150217 0.016904952 0.036761545
109789400000.000000 -188.741638184 2.689437866 272.328704834 0.007950249 0.999066532 0.018217724 0.038352497
109996800000.000000 -188.570205688 2.727771759 270.347869873 0.007604170 0.999112904 0.013385719 0.039197162
110100400000.000000 -188.484268188 2.743465662 269.361968994 0.007708652 0.999113202 0.010838191 0.039949380
110204300000.000000 -188.398208618 2.755711555 268.344757080 0.007039073 0.999075174 0.010823685 0.041013382
110307900000.000000 -188.304107666 2.771143436 267.324798584 0.006794636 0.999019504 0.013233132 0.041697707
110515400000.000000 -188.096954346 2.806663990 265.292022705 0.002657657 0.998934031 0.015267521 0.043482680
110723200000.000000 -187.910903931 2.832673073 263.283996582 0.004929176 0.998936772 0.005252783 0.045534763
110930400000.000000 -187.720794678 2.831030130 261.243774414 0.008427637 0.998821855 0.000830426 0.047783442
111034300000.000000 -187.618392944 2.825967312 260.205993652 0.009045499 0.998757720 0.006568396 0.048559498
111241600000.000000 -187.397842407 2.848243237 258.132324219 0.007692600 0.998668194 0.015836779 0.048495449
111345300000.000000 -187.294097900 2.861413956 257.116149902 0.007012277 0.998691916 0.015823128 0.048114110
111552700000.000000 -187.096389771 2.887030125 255.094696045 0.008858191 0.998822272 0.010837940 0.046456639
111760100000.000000 -186.904968262 2.908656836 253.059997559 0.011244139 0.998927653 0.007747949 0.044239465
111863700000.000000 -186.813751221 2.913712740 252.056030273 0.012119941 0.998959422 0.007539783 0.043317746
112070900000.000000 -186.636108398 2.919069767 250.046966553 0.012693455 0.998994291 0.010999962 0.041572578
112278300000.000000 -186.455337524 2.937870026 248.048950195 0.011736846 0.999080241 0.010619193 0.039851684
112485500000.000000 -186.276596069 2.949061871 246.079742432 0.011543198 0.999138594 0.010645035 0.038412683
112692800000.000000 -186.125854492 2.962448120 244.148681641 0.012144702 0.999140561 0.012944247 0.037458252
112900000000.000000 -185.985809326 2.984902620 242.266448975 0.017167240 0.999025583 0.016169040 0.037305638
113107300000.000000 -185.853973389 3.003365755 240.422180176 0.020864714 0.998998046 0.013812996 0.037104208
113314700000.000000 -185.715072632 3.019791126 238.635925293 0.016902311 0.999106586 0.011557837 0.036970589
113522000000.000000 -185.552963257 3.026121140 236.903381348 0.012203110 0.999321938 0.006032729 0.034211438
113729300000.000000 -185.432846069 3.027240515 235.212280273 0.008663015 0.999467611 0.010824300 0.029535389
114040000000.000000 -185.284759521 3.044278860 232.766723633 0.007992167 0.999589264 0.013019804 0.024247153
114350900000.000000 -185.182754517 3.060950041 230.492538452 0.007731687 0.999696493 0.013810030 0.018879974
114558000000.000000 -185.134933472 3.074822903 229.096115112 0.009161107 0.999721527 0.014069672 0.016584113
114972400000.000000 -185.046295166 3.093536615 226.557968140 0.013817233 0.999659300 0.012724736 0.018123211
115593900000.000000 -184.807815552 3.111039877 223.429656982 0.018159976 0.998560727 0.011744300 0.049078930
116317900000.000000 -183.934814453 3.110300541 220.480072021 0.014496002 0.984631479 0.009356862 0.173790604
116938700000.000000 -182.441452026 3.116693735 218.364959717 0.009962728 0.947213888 0.006095198 0.320389569
117456600000.000000 -180.450973511 3.105382442 216.769775391 0.011838804 0.890632749 0.007485551 0.454507589
117871000000.000000 -178.360305786 3.091617584 215.817123413 0.015371529 0.832287848 0.001525894 0.554128468
118182100000.000000 -176.560791016 3.063679218 215.405822754 0.007863733 0.784007907 -0.000670925 0.620700777
118493500000.000000 -174.581161499 3.029439688 215.208526611 0.002783662 0.743034303 0.000145933 0.669247508
119013300000.000000 -171.001831055 2.968962431 215.164016724 0.003751990 0.709297121 -0.006765198 0.704867184
119429000000.000000 -167.974655151 2.892744541 215.191116333 0.008188064 0.702228427 -0.006225331 0.711877406
119844100000.000000 -164.772155762 2.796642303 215.267105103 0.007987021 0.698800504 -0.002748421 0.715266764
120258800000.000000 -161.467590332 2.718085051 215.354461670 0.011938885 0.695214629 0.000054860 0.718703091
120569700000.000000 -158.881286621 2.646782637 215.465728760 0.011562321 0.693725586 -0.002039992 0.720143735
120880700000.000000 -156.186477661 2.583539248 215.581146240 0.010029237 0.692416251 0.003043357 0.721422136
121088000000.000000 -154.365249634 2.541991711 215.658126831 0.012856008 0.690425217 0.004315713 0.723276734
121398800000.000000 -151.579055786 2.480024815 215.815628052 0.012469376 0.685704768 0.007197369 0.727737367
121813500000.000000 -147.876403809 2.402893543 216.096740723 0.009550729 0.678012371 0.010687866 0.734910727
122124500000.000000 -145.131713867 2.353392124 216.373962402 0.011564522 0.672503889 0.002133735 0.740000248
122435600000.000000 -142.366516113 2.290443420 216.688018799 0.004597218 0.668699801 0.003093619 0.743511856
122746800000.000000 -139.641479492 2.244651318 217.008239746 0.003604080 0.668704212 -0.000731970 0.743519425
123057800000.000000 -136.952484131 2.192979336 217.327850342 -0.000186104 0.670166373 -0.007085358 0.742177069
123368800000.000000 -134.357192993 2.129415035 217.608566284 0.000556480 0.671977818 -0.011391296 0.740483463
123576200000.000000 -132.676895142 2.080958605 217.775650024 -0.000879186 0.673773289 -0.010334107 0.738865376
123783400000.000000 -131.069854736 2.036732912 217.928131104 -0.003522566 0.675756454 -0.012601504 0.737008810
123990700000.000000 -129.526672363 1.988269091 218.063034058 -0.003743152 0.679061770 -0.012900072 0.733958244
124198100000.000000 -128.060607910 1.949493647 218.173065186 -0.001803193 0.683767796 -0.014460765 0.729554176
124613000000.000000 -125.401779175 1.856760502 218.305206299 0.002557673 0.692243516 -0.011349565 0.721570313
125027500000.000000 -122.884063721 1.766792297 218.366424561 0.005869564 0.700074852 -0.013540012 0.713916957
125545700000.000000 -119.803451538 1.670967221 218.408447266 -0.000559920 0.703825653 -0.005533904 0.710350990
126063800000.000000 -116.821166992 1.601026416 218.480621338 0.004204018 0.692563653 0.000782996 0.721344113
126581500000.000000 -113.945175171 1.526340485 218.800964355 0.014351209 0.651426792 0.000845293 0.758575380
127306200000.000000 -110.257202148 1.419426322 220.098754883 0.005594048 0.538160205 0.001079483 0.842823327
127823900000.000000 -108.127395630 1.342933893 221.708496094 0.013596016 0.419367880 -0.002713568 0.907710552
128238599999.999985 -106.768257141 1.271205306 223.369964600 0.012243951 0.319561243 0.005218519 0.947472155
128549600000.000000 -106.011489868 1.216151595 224.775131226 0.013496066 0.247176215 0.005576382 0.968860507
128757000000.000000 -105.633422852 1.183890820 225.747726440 0.012390462 0.201353475 0.002179662 0.979437888
128964400000.000015 -105.347862244 1.153330564 226.761062622 0.009414498 0.159301162 -0.003297580 0.987179637
129380000000.000000 -104.955047607 1.096537113 228.863479614 0.003002515 0.109723277 -0.021060912 0.993734479
129899900000.000000 -104.479316711 1.030749559 231.443862915 0.004714894 0.099846043 -0.025195498 0.994672716
130420800000.000015 -103.852142334 0.962112904 233.866271973 0.004539582 0.140630946 -0.019621260 0.989857256
131044700000.000000 -102.636230469 0.866483212 236.127975464 0.009484599 0.273029029 -0.004702779 0.961947560
131564699999.999985 -101.193679810 0.823240042 237.434234619 0.005590168 0.413123220 -0.000975823 0.910657465
131979400000.000000 -99.862579346 0.783803940 238.118392944 0.010873522 0.511854172 -0.000405157 0.859003425
132393599999.999985 -98.379501343 0.752347827 238.603118896 0.006428053 0.584893227 -0.000641641 0.811084628
132704199999.999985 -97.118301392 0.721209764 238.844818115 0.008713111 0.625835717 0.002939028 0.779900789
133117899999.999985 -95.242187500 0.680242538 239.123016357 0.013791477 0.654130220 -0.002999573 0.756250262
133428500000.000015 -93.647872925 0.636208534 239.278030396 0.017005645 0.669615924 -0.001809782 0.742510617
133738900000.000000 -91.891143799 0.586458206 239.422332764 0.016559880 0.673630297 0.002693351 0.738878012
134153300000.000000 -89.304382324 0.521936893 239.656463623 0.014220440 0.675638318 0.002867805 0.737090528
134671600000.000015 -85.703140259 0.422772884 239.952819824 0.015383329 0.680212080 -0.000910065 0.732853353
134982599999.999985 -83.351791382 0.355451107 240.125762939 0.014354991 0.682650447 0.000364235 0.730603993
135293600000.000000 -80.923461914 0.285860062 240.276641846 0.014497574 0.685586751 0.001553098 0.727844894
135708100000.000000 -77.591842651 0.191193104 240.461624146 0.016333088 0.688240469 0.001452345 0.725297391
136122700000.000015 -74.108657837 0.072103024 240.637542725 0.017167613 0.690574884 -0.002197799 0.723053813
136537399999.999985 -70.515823364 -0.049996376 240.804534912 0.017135067 0.688252211 0.004095522 0.725257635
136848400000.000000 -67.823074341 -0.140218735 240.966934204 0.018522725 0.684618652 0.003254715 0.728658795
137055800000.000000 -66.028594971 -0.202852726 241.093643188 0.019258831 0.682911694 0.002245491 0.730243683
137263200000.000015 -64.243225098 -0.276572704 241.232742310 0.017946349 0.682134092 0.000497801 0.731006682
137470600000.000000 -62.455169678 -0.334902287 241.371658325 0.012039762 0.680868924 0.003308676 0.732298851
137781700000.000000 -59.818283081 -0.417969227 241.582061768 0.016235005 0.679302692 0.001161544 0.733677685
138196300000.000000 -56.342300415 -0.546524048 241.851196289 0.015093270 0.678742111 0.005084814 0.734203994
138507100000.000000 -53.799377441 -0.625453949 242.045989990 0.018918240 0.678771615 0.004755254 0.734090328
138714400000.000000 -52.121551514 -0.683359146 242.177917480 0.018051129 0.677968085 0.006494755 0.734840989
138921600000.000000 -50.456192017 -0.741400719 242.322326660 0.017181423 0.677116692 0.006216658 0.735648870
139336200000.000000 -47.149475098 -0.849169254 242.608947754 0.019038061 0.675387025 0.005798571 0.737194896
139854600000.000000 -43.172531128 -0.986719131 242.994094849 0.016709225 0.673240364 0.006167370 0.739209175
140269100000.000000 -40.275756836 -1.088419676 243.294357300 0.013390785 0.672217429 0.000633057 0.740232408
140579900000.000000 -38.162918091 -1.160795212 243.508621216 0.011366719 0.672893941 -0.002467504 0.739647508
140890900000.000000 -36.069137573 -1.226397276 243.709716797 0.010036089 0.674272358 0.000157861 0.738414526
141098300000.000000 -34.735351562 -1.273191690 243.827911377 0.011008968 0.675867736 0.000145978 0.736940742
141409400000.000000 -32.856765747 -1.342696190 243.983093262 0.012516955 0.678749919 -0.001607484 0.734261096
141720100000.000000 -31.155059814 -1.401957035 244.099945068 0.010106460 0.683896959 -0.001368608 0.729507327
142238400000.000000 -28.704391479 -1.492973208 244.187423706 0.009571221 0.697861910 -0.000388994 0.716168284
142756900000.000000 -26.666946411 -1.560104132 244.153060913 0.008751337 0.715147674 0.001090912 0.698917747
143690000000.000000 -24.175506592 -1.625102043 243.855285645 0.010913350 0.752721369 0.007981200 0.658200383
144934000000.000000 -22.238128662 -1.674882889 243.246200562 0.018765133 0.810146034 0.003255358 0.585918665
145660600000.000000 -20.626007080 -1.708114147 242.295639038 0.020133546 0.874506056 0.001752224 0.484593481
146075700000.000000 -19.524230957 -1.732720137 241.279159546 0.014927617 0.918725669 -0.001483691 0.394611388
146387000000.000000 -18.788391113 -1.744923830 240.225204468 0.018191999 0.948973358 -0.002238015 0.314823270
146698100000.000000 -18.164932251 -1.762480259 238.944534302 0.017343028 0.973579943 -0.003580790 0.227658734
147112500000.000000 -17.605476379 -1.779618382 236.846221924 0.022723787 0.991792679 0.001020252 0.125817105
147422800000.000000 -17.329017639 -1.778904080 235.004867554 0.022380816 0.997031808 0.005217435 0.073481075
147733000000.000000 -17.140249252 -1.763203144 232.950408936 0.022923486 0.998775244 0.005352243 0.043519601
148146900000.000000 -17.002771378 -1.733368635 229.898529053 0.025069334 0.999468625 0.008050891 0.019215737
148457200000.000000 -16.934963226 -1.705905318 227.415252686 0.026583154 0.999517441 0.008863332 0.013406575
148664200000.000000 -16.887447357 -1.684612632 225.667572021 0.027810553 0.999493659 0.009068716 0.012523375
148974900000.000000 -16.813983917 -1.646071792 222.894424438 0.029332962 0.999434352 0.008294010 0.014205843
149285600000.000000 -16.726240158 -1.614914179 219.958557129 0.032111719 0.999334097 0.005687650 0.016366562
149596500000.000000 -16.602561951 -1.602100730 216.893676758 0.033521377 0.999194205 0.005317945 0.021422610
149803700000.000000 -16.481754303 -1.588093042 214.779342651 0.031598520 0.999169230 0.005305077 0.025185123
150114700000.000000 -16.275100708 -1.588280916 211.506607056 0.030123880 0.999093235 0.005523282 0.029576916
150322000000.000000 -16.135993958 -1.575986862 209.264587402 0.031870663 0.998955429 0.006707857 0.032051776
150632900000.000000 -15.889059067 -1.575318813 205.854049683 0.031549826 0.998850644 0.006570586 0.035479862
150943700000.000000 -15.608676910 -1.574009180 202.398223877 0.029989582 0.998851895 0.007121715 0.036671557
151151100000.000000 -15.443235397 -1.560876012 200.051681519 0.030193916 0.998812377 0.006786082 0.037631139
151462000000.000000 -15.167831421 -1.552454829 196.506805420 0.029735347 0.998823643 0.007820409 0.037497528
151669300000.000000 -14.985933304 -1.539086223 194.120681763 0.028076787 0.998896539 0.008172370 0.036751699
151980300000.000000 -14.718835831 -1.527829766 190.501419067 0.026897462 0.999017715 0.007505168 0.034407008
152291100000.000000 -14.464900017 -1.499418020 186.827774048 0.027485389 0.999038041 0.011728660 0.032093856
152498500000.000000 -14.316801071 -1.466978312 184.337554932 0.028083352 0.999078035 0.011104875 0.030513501
152809400000.000000 -14.090593338 -1.435441136 180.582214355 0.030701194 0.999090672 0.009541889 0.028005175
153016700000.000000 -13.962402344 -1.421393514 178.030090332 0.032631181 0.999068022 0.008188545 0.027042413
153327600000.000000 -13.740190506 -1.404215217 174.179000854 0.031074557 0.999147296 0.009243171 0.025566818
153638600000.000000 -13.527526855 -1.375246644 170.266616821 0.029922787 0.999207377 0.007909803 0.025033709
153949500000.000000 -13.334375381 -1.368650556 166.295349121 0.031726927 0.999138057 0.008019770 0.025538690
154156700000.000000 -13.197484970 -1.357890844 163.659179688 0.032539546 0.999085665 0.009412605 0.026086219
154467400000.000000 -12.982618332 -1.342797875 159.674987793 0.033258837 0.999039233 0.008730619 0.027171142
154674600000.000000 -12.828845978 -1.328374743 157.009643555 0.032902561 0.999031901 0.009010037 0.027775124
154881800000.000000 -12.670074463 -1.318382025 154.340911865 0.032410234 0.999019861 0.009748878 0.028528467
155192500000.000000 -12.424783707 -1.300733685 150.364761353 0.032567956 0.998968065 0.010790511 0.029760908
155399700000.000000 -12.262990952 -1.283110023 147.720825195 0.032778393 0.998941183 0.010033813 0.030682856
155606800000.000000 -12.096572876 -1.273181915 145.099014282 0.033547387 0.998892486 0.010190720 0.031377617
155814200000.000000 -11.921083450 -1.257008553 142.466094971 0.032255914 0.998918176 0.009561414 0.032103412
156021400000.000000 -11.736436844 -1.233641624 139.845733643 0.031288661 0.998886406 0.013660307 0.032563027
156332200000.000000 -11.468036652 -1.182439327 135.925933838 0.032448262 0.998794317 0.014490802 0.033869918
156539600000.000000 -11.286144257 -1.150574207 133.333175659 0.032648947 0.998756170 0.014661896 0.034715723
156850500000.000000 -11.003257751 -1.096594572 129.474044800 0.034925051 0.998639107 0.015899662 0.035319742
157057800000.000000 -10.818778992 -1.070177794 126.961311340 0.034765795 0.998666048 0.014297472 0.035397839
157265000000.000000 -10.638252258 -1.049424410 124.502441406 0.033214059 0.998748481 0.013004306 0.035060674
157576000000.000000 -10.377279282 -1.037089229 120.922454834 0.032453187 0.998829067 0.012949863 0.033461146
157886800000.000000 -10.152003288 -1.028615832 117.522926331 0.032150548 0.998889744 0.012863597 0.031940874
158197900000.000000 -9.945444107 -1.012199879 114.284721375 0.032235123 0.998951375 0.012080078 0.030186167
158509100000.000000 -9.771671295 -0.998906016 111.239196777 0.033793196 0.998943985 0.012429847 0.028538564
158716400000.000000 -9.661957741 -0.993991375 109.326599121 0.033525225 0.998978138 0.013116678 0.027324738
159027200000.000000 -9.524722099 -0.977407336 106.647758484 0.032627687 0.999033213 0.014457705 0.025671897
159234600000.000000 -9.443003654 -0.965914011 104.989982605 0.033471685 0.998995841 0.016125213 0.025038956
159441800000.000000 -9.364735603 -0.949890852 103.422836304 0.036436323 0.998819351 0.016778328 0.027400305
159649000000.000000 -9.268058777 -0.935976028 101.964408875 0.040712699 0.998332918 0.016901525 0.037259273
159855900000.000000 -9.115425110 -0.925035000 100.589553833 0.042927369 0.997357190 0.017480979 0.055949200
160166300000.000000 -8.765249252 -0.920961380 98.728050232 0.045192160 0.993759990 0.016147213 0.100687742
160476600000.000000 -8.207630157 -0.934460163 97.064811707 0.039475713 0.986334205 0.013789044 0.159362778
160787100000.000000 -7.453269958 -0.948259830 95.589179993 0.029321497 0.972966194 0.012607978 0.228731498
161201400000.000000 -6.113296509 -0.952973366 93.895225525 0.014732532 0.942916453 0.012791716 0.332457393
161719800000.000000 -4.008079529 -0.961383343 92.312812805 0.014112893 0.883467197 0.011127585 0.468148291
162134100000.000000 -2.066177368 -0.981227636 91.546081543 0.010360619 0.822116494 0.008364617 0.569163620
162652700000.000000 0.496093750 -1.021437168 91.166976929 0.008593105 0.752512515 0.000728336 0.658521473
163068400000.000000 2.650444031 -1.081013322 91.069480896 0.014618483 0.722936511 -0.005704080 0.690736353
163380100000.000000 4.391044617 -1.137324095 91.037322998 0.014703488 0.713479280 -0.001358510 0.700520694
163795700000.000000 6.857063293 -1.215832591 91.012077332 0.016228013 0.710948706 0.001583794 0.703054845
164210700000.000000 9.546188354 -1.291823983 90.976181030 0.019288598 0.711032867 0.004071442 0.702882409
164521700000.000000 11.726577759 -1.348035932 90.933776855 0.024008295 0.709345400 0.008539570 0.704400301
166906100000.000000 31.544364929 -2.034695864 92.103340149 0.011004006 0.705416203 -0.004620471 0.708692849
167217100000.000000 34.128028870 -2.124681473 92.039031982 0.011892037 0.717767775 -0.002805575 0.696175456
167631600000.000000 37.597846985 -2.242580891 91.855216980 0.015619435 0.727073848 -0.002305178 0.686377704
168460400000.000000 44.818756104 -2.498098135 91.464828491 0.014754926 0.724062979 -0.000773142 0.689575613
169393800000.000000 53.071449280 -2.812533379 90.861694336 0.006794719 0.754484177 -0.013590682 0.656142354
169601300000.000000 54.868217468 -2.885996819 90.553543091 0.006117594 0.768488944 -0.009778236 0.639759123
169808700000.000000 56.608764648 -2.952492714 90.160598755 0.010251340 0.781768680 -0.007181929 0.623443007
170119600000.000000 59.165313721 -3.043780088 89.456298828 0.014437395 0.799276233 -0.002501084 0.600785136
170430300000.000000 61.725830078 -3.116360188 88.625396729 0.013399814 0.810919225 0.004643724 0.584986269
170740900000.000000 64.285209656 -3.152263165 87.746284485 0.011996469 0.815264285 0.008056598 0.578908741
171155100000.000000 67.714561462 -3.235598803 86.550827026 0.019155217 0.815154791 0.001109850 0.578925312
171466100000.000000 70.358795166 -3.299830437 85.609085083 0.015931910 0.819141090 0.006761641 0.573330939
171673500000.000000 72.147338867 -3.327539921 84.941467285 0.017151877 0.825138986 0.004643628 0.564650357
171777300000.000000 73.026298523 -3.343747616 84.582580566 0.018402638 0.829277396 0.004581612 0.558515310
171880900000.000000 73.906715393 -3.366233349 84.207145691 0.018813293 0.833536565 0.003954612 0.552129805
172088100000.000000 75.663581848 -3.415582180 83.410110474 0.024076447 0.841167450 -0.001274639 0.540237010
172398800000.000000 78.340652466 -3.522655725 82.123092651 0.023628063 0.848022580 0.001783719 0.529430091
172709500000.000000 81.055839539 -3.611029863 80.776123047 0.024681669 0.849047363 0.003496464 0.527728260
172916700000.000000 82.875343323 -3.672473907 79.886901855 0.023165591 0.849669576 0.003375375 0.526795626
173123800000.000000 84.683334351 -3.734222889 79.001953125 0.020058069 0.850619614 0.001769650 0.525395989
173434900000.000000 87.345596313 -3.821647167 77.657516479 0.013220229 0.856526732 -0.000753825 0.515932798
173746000000.000000 89.942375183 -3.905186176 76.218933105 0.010649499 0.866069794 0.000482661 0.499809414
174057100000.000000 92.456237793 -3.972240925 74.677261353 0.009883874 0.876908243 0.000242106 0.480556101
174368100000.000000 94.864654541 -4.035418987 73.044555664 0.010167930 0.887672186 -0.001271205 0.460361958
174678900000.000000 97.149383545 -4.104310513 71.335113525 0.011347697 0.897181630 0.000853761 0.441515177
174886200000.000000 98.606338501 -4.146391392 70.170333862 0.014984495 0.901107967 0.002863800 0.433326423
175093400000.000000 100.039146423 -4.187306881 69.001174927 0.017488232 0.902858973 0.004342431 0.429559201
175404000000.000000 102.121528625 -4.245120525 67.303955078 0.020988293 0.902182221 0.006257603 0.430798769
175611100000.000000 103.438072205 -4.284245968 66.256607056 0.022460192 0.899816096 0.007330388 0.435629308
175818300000.000000 104.701774597 -4.318882465 65.271453857 0.023406729 0.896803558 0.007977181 0.441737384
176025700000.000000 105.909828186 -4.354596615 64.374565125 0.022570811 0.894247174 0.008033099 0.446931809
176233100000.000000 107.057601929 -4.389222145 63.533691406 0.022698341 0.892670214 0.007203517 0.450080901
176544100000.000000 108.733856201 -4.457169056 62.282356262 0.027421124 0.893797398 0.002100003 0.447626948
176855100000.000000 110.375900269 -4.499703884 61.017097473 0.024738919 0.896948040 0.008898244 0.441353649
177269700000.000000 112.506721497 -4.554412365 59.335113525 0.022462273 0.901600361 0.005562066 0.431950688
177684300000.000000 114.696693420 -4.611450195 57.579849243 0.020294007 0.903375983 0.001745799 0.428365499
178098700000.000000 116.994613647 -4.653294563 55.738510132 0.017905748 0.900434315 0.010597423 0.434494197
178409600000.000000 118.830612183 -4.668993950 54.356910706 0.015339701 0.894722641 0.007614932 0.446293741
178720600000.000000 120.791160583 -4.695584774 52.979675293 0.006707513 0.890487134 -0.000083313 0.454958975
179031700000.000000 122.854766846 -4.728167534 51.575004578 0.001869152 0.888815641 -0.009407807 0.458164543
179239000000.000000 124.258285522 -4.768107891 50.592697144 -0.000067851 0.887913227 -0.007096794 0.459956199
179446400000.000000 125.704223633 -4.802250862 49.581504822 0.002114230 0.887764931 -0.006514245 0.460246116
179653700000.000000 127.179031372 -4.837481499 48.544433594 0.002428127 0.888780594 -0.007197543 0.458269984
179861100000.000000 128.693069458 -4.871710300 47.463668823 0.002724157 0.889482200 -0.003545671 0.456947953
180171900000.000000 131.021087646 -4.919997215 45.797966003 -0.000433621 0.890630722 -0.005970244 0.454687923
180482800000.000000 133.408996582 -4.959011555 44.074432373 -0.005924236 0.891827643 0.000685070 0.452336073
180793500000.000000 135.803985596 -4.981829643 42.363052368 -0.009152698 0.892135441 -0.003964469 0.451657891
181104300000.000000 138.199432373 -5.016746521 40.650238037 -0.009139319 0.890817344 -0.005046661 0.454241663
181415100000.000000 140.585845947 -5.055800438 38.929855347 -0.000051621 0.887822807 -0.002388048 0.460179299
181622400000.000000 142.179901123 -5.090225220 37.805343628 0.003348093 0.886855006 -0.001170253 0.462034225
181829800000.000000 143.775482178 -5.120095730 36.706512451 -0.000759767 0.887437880 0.001079389 0.460925490
182140900000.000000 146.172149658 -5.136354923 35.061386108 -0.005390295 0.889149725 -0.000921353 0.457583755
182451800000.000000 148.524230957 -5.170242310 33.404586792 -0.005921185 0.890438259 -0.005788990 0.455028743
182762800000.000000 150.860885620 -5.222397327 31.722595215 -0.004330882 0.891537011 -0.004997725 0.452899545
182970200000.000000 152.411560059 -5.251977444 30.605499268 -0.003020677 0.891572058 -0.002447439 0.452862144
183177400000.000000 153.910308838 -5.283559322 29.528976440 -0.001868263 0.891241789 -0.007548658 0.453461796
183384600000.000000 155.399566650 -5.323851585 28.463745117 -0.005857728 0.891121566 -0.006692053 0.453677475
183695600000.000000 157.527297974 -5.382987976 26.925994873 -0.002754356 0.892199934 -0.005782320 0.451595247
184006700000.000000 159.508239746 -5.444023132 25.444168091 0.002330167 0.894942820 -0.005233029 0.446144134
184317800000.000000 161.343933105 -5.494157791 24.048339844 -0.000539834 0.898500741 0.001167335 0.438970059
184732400000.000000 163.458404541 -5.567841530 22.384048462 0.010648441 0.899490237 -0.002641258 0.436803222
185249500000.000000 165.919891357 -5.672080040 20.630004883 0.027587747 0.873588443 0.006610618 0.485837877
185870000000.000000 169.121414185 -5.786609650 19.384338379 0.028470743 0.804145098 -0.000879650 0.593750179
186388400000.000000 172.038757324 -5.912408829 19.017562866 0.017322943 0.741549551 -0.000377435 0.670674324
186803600000.000000 174.522949219 -5.985795498 19.030075073 0.003496329 0.712575495 -0.008622086 0.701533735
187115300000.000000 176.448120117 -6.042823792 19.063064575 0.001126564 0.707849681 -0.015526393 0.706191540
187530800000.000000 179.178802490 -6.126246452 19.047775269 -0.001599152 0.713381827 -0.013739914 0.700639129
188153200000.000000 183.431854248 -6.287635326 18.895355225 -0.001421624 0.726952732 -0.018689845 0.686431706
188567800000.000000 186.360626221 -6.396383762 18.688461304 0.002862054 0.732501566 -0.019508863 0.680479765
188775000000.000000 187.887756348 -6.449272633 18.585388184 0.000793291 0.733080149 -0.019143308 0.679872334
188982200000.000000 189.408905029 -6.504584312 18.485565186 -0.001211658 0.731745481 -0.018294578 0.681331336
189189600000.000000 190.968795776 -6.554572105 18.388870239 -0.000726821 0.731297851 -0.017295752 0.681838512
189293400000.000000 191.741531372 -6.577902794 18.345428467 -0.003107939 0.731234789 -0.017760811 0.681887507
189500600000.000000 193.297210693 -6.627289295 18.256561279 -0.006258912 0.730286539 -0.017014503 0.682900369
189811700000.000000 195.634979248 -6.700819492 18.106491089 -0.000744918 0.729737878 -0.018793313 0.683468282
190019100000.000000 197.226028442 -6.745330811 18.030410767 -0.003277340 0.730655432 -0.020357009 0.682434976
190122800000.000000 198.027496338 -6.776289463 17.972640991 -0.002806733 0.731003046 -0.018258646 0.682124197
190330300000.000000 199.621398926 -6.833161354 17.871322632 -0.002385325 0.732089877 -0.022690980 0.680825830
190641300000.000000 202.068496704 -6.933113575 17.690582275 -0.000114082 0.734960496 -0.024873216 0.677653611
191056100000.000000 205.426666260 -7.069622040 17.416152954 -0.000082657 0.736319005 -0.018524094 0.676380932
191367200000.000000 207.979431152 -7.162786484 17.201324463 0.003104929 0.736194491 -0.015231751 0.676591456
191678000000.000000 210.549362183 -7.261996269 16.992645264 0.005254654 0.734249592 -0.013840871 0.678718269
191885200000.000000 212.270263672 -7.327523232 16.874847412 0.003443934 0.732150197 -0.012590267 0.681018174
192092600000.000000 213.967834473 -7.398591518 16.771087646 0.008940553 0.730869114 -0.019656960 0.682175934
192403400000.000000 216.562622070 -7.515021324 16.616119385 -0.000339348 0.730441809 -0.013397919 0.682843447
192818000000.000000 220.044586182 -7.643919945 16.407760620 -0.001293823 0.732233942 -0.022809792 0.680669963
193232700000.000000 223.556198120 -7.776529312 16.147201538 -0.000270862 0.732766211 -0.015128361 0.680312276
193647400000.000000 227.125701904 -7.900475979 15.878097534 0.004773779 0.731359959 -0.011442301 0.681879044
193958400000.000000 229.814773560 -7.988943100 15.714080811 0.000556199 0.731168449 -0.014885663 0.682034314
194372900000.000000 233.481475830 -8.112250328 15.476913452 -0.001546418 0.733215749 -0.015753224 0.679811776
194891300000.000000 238.061279297 -8.278499603 15.126693726 0.001750842 0.735688388 -0.014214444 0.677168727
195202600000.000000 240.812896729 -8.373233795 14.929626465 -0.005867514 0.737505496 -0.015095362 0.675146997
195513600000.000000 243.522293091 -8.465380669 14.694976807 0.001373455 0.737140119 -0.020692058 0.675421655
195721000000.000000 245.327697754 -8.537333488 14.542999268 0.000285256 0.736342013 -0.016027236 0.676419616
195928500000.000000 247.095672607 -8.608244896 14.413482666 0.002185101 0.734735191 -0.019346651 0.678074598
196239700000.000000 249.756668091 -8.716041565 14.228759766 -0.000224432 0.732776880 -0.014709638 0.680309951
196758400000.000000 254.145324707 -8.894279480 13.943939209 0.000864861 0.729629397 -0.016603166 0.683640659
197173100000.000000 257.542633057 -9.030950546 13.756011963 0.003807642 0.726724803 -0.014608170 0.686762929
197484100000.000000 259.964202881 -9.122745514 13.644348145 -0.000324539 0.725842237 -0.011352120 0.687767446
197795200000.000000 262.225494385 -9.214645386 13.528930664 0.000359869 0.726160288 -0.013969419 0.687383413
198002200000.000000 263.661254883 -9.274360657 13.447601318 0.002154372 0.727019608 -0.016645355 0.686411619
198209500000.000000 265.071014404 -9.335659027 13.360198975 0.002593477 0.729830265 -0.014982572 0.683459282
198416900000.000000 266.424987793 -9.392508507 13.258422852 0.003156509 0.734893084 -0.015946206 0.677988231
198624100000.000000 267.711395264 -9.447031021 13.121398926 0.004121326 0.741986632 -0.015583615 0.670220852
198727700000.000000 268.342712402 -9.471932411 13.044311523 0.004227478 0.746102452 -0.013273390 0.665685415
198935000000.000000 269.578094482 -9.519235611 12.862640381 0.005255090 0.754159749 -0.007032888 0.656632245
199245700000.000000 271.288757324 -9.577638626 12.557189941 0.007043849 0.765220284 -0.000531058 0.643729687
199660100000.000000 273.296203613 -9.638223648 12.117309570 0.015029948 0.777482688 0.001431711 0.628723085
200385200000.000000 275.966766357 -9.731006622 11.528564453 0.019251313 0.777341127 0.005556805 0.628760099
201420400000.000000 278.595489502 -9.830418587 11.467224121 0.014552248 0.694918692 0.001234747 0.718940020
202145500000.000000 280.296783447 -9.910045624 12.158966064 0.007753326 0.564139605 -0.006605831 0.825616598
202766000000.000000 281.709564209 -9.943295479 13.458488464 0.010224816 0.399043441 -0.013223382 0.916779637
203180600000.000000 282.524475098 -9.977450371 14.807434082 0.003555970 0.279245377 -0.015397459 0.960089743
203491800000.000000 283.005493164 -9.989486694 16.070114136 0.001917814 0.204300880 -0.023381356 0.978626966
203907300000.000000 283.562408447 -10.010578156 18.111961365 0.002943519 0.139270291 -0.028971605 0.989826143
204322500000.000000 284.035339355 -10.033823967 20.535337448 0.001009569 0.089052685 -0.027926076 0.995634854
204633800000.000000 284.246368408 -10.062502861 22.571062088 0.008463209 0.058038134 -0.031779081 0.997772574
204945200000.000000 284.407714844 -10.086627007 24.801856995 0.002402122 0.036806900 -0.032607451 0.998787403
205256500000.000000 284.519592285 -10.102114677 27.195964813 0.002023499 0.024564078 -0.033201110 0.999144793
205567700000.000000 284.598144531 -10.129934311 29.746334076 0.002599589 0.021396942 -0.037976887 0.999046147
205775200000.000000 284.677520752 -10.149007797 31.536281586 0.004776286 0.022565914 -0.034502100 0.999138474
205982600000.000000 284.758819580 -10.172794342 33.373851776 0.003512400 0.025232943 -0.035207566 0.999055266
206189800000.000000 284.856414795 -10.197007179 35.278759003 -0.001739467 0.028265929 -0.031426754 0.999104798
206500800000.000000 285.036651611 -10.227772713 38.138954163 0.003766666 0.032301202 -0.027614485 0.999089539
206708100000.000000 285.162139893 -10.258232117 40.080039978 0.007019528 0.034497559 -0.027999248 0.998987854
206811700000.000000 285.233703613 -10.280371666 41.070163727 0.003296969 0.035180014 -0.026299335 0.999029458
207019000000.000000 285.372924805 -10.309475899 43.085304260 -0.002285877 0.036021180 -0.023600766 0.999069691
207329900000.000000 285.574859619 -10.348536491 46.103199005 0.006229762 0.035833899 -0.024568437 0.999036312
207640800000.000000 285.765686035 -10.401192665 49.172637939 -0.000460765 0.035441093 -0.027561378 0.998991549
207951600000.000000 285.945251465 -10.426403046 52.255321503 -0.004344215 0.034402158 -0.034535673 0.998801768
208262600000.000000 286.128509521 -10.429854393 55.369277954 -0.003932837 0.032616146 -0.035322059 0.998835862
208470000000.000000 286.248962402 -10.444513321 57.437812805 -0.001876659 0.032166462 -0.034454193 0.998886764
208677300000.000000 286.372192383 -10.467014313 59.497303009 0.003015174 0.032765612 -0.032542031 0.998928607
208884800000.000000 286.498291016 -10.500708580 61.576950073 -0.002248120 0.034312170 -0.034661867 0.998807371
209195600000.000000 286.693420410 -10.536184311 64.670989990 0.000670122 0.038193457 -0.038653631 0.998522282
209506400000.000000 286.922973633 -10.564311981 67.773674011 -0.006835171 0.041749112 -0.040304732 0.998291492
209817200000.000000 287.186523438 -10.589300156 70.857406616 -0.000138439 0.039769288 -0.032889213 0.998667479
210127900000.000000 287.390258789 -10.608730316 73.953453064 -0.005161190 0.035802312 -0.034477644 0.998750687
210438900000.000000 287.564605713 -10.653867722 77.024475098 0.004478396 0.031961478 -0.037795674 0.998764157
210646200000.000000 287.676666260 -10.687634468 79.092079163 -0.001369348 0.030631626 -0.038866978 0.998773873
210853500000.000000 287.772369385 -10.708265305 81.149391174 0.000939568 0.030494560 -0.040910698 0.998696923
211060800000.000000 287.887207031 -10.744251251 83.201095581 0.002395192 0.031693559 -0.042050742 0.998609841
211268200000.000000 288.019042969 -10.780377388 85.254852295 -0.001180787 0.033132736 -0.039941221 0.998651862
211579200000.000000 288.220001221 -10.833212852 88.295555115 0.005874440 0.034616794 -0.035787504 0.998742402
211890100000.000000 288.436981201 -10.879812241 91.372718811 -0.006442571 0.036910161 -0.033196654 0.998746276
212201100000.000000 288.642272949 -10.926403046 94.410346985 0.009699282 0.039208952 -0.034913171 0.998573840
212512100000.000000 288.889312744 -10.997174263 97.481338501 -0.003367815 0.044081412 -0.033171389 0.998471439
212719400000.000000 289.073699951 -11.019724846 99.502334595 -0.001475436 0.047607012 -0.031424467 0.998370647
213030400000.000000 289.372497559 -11.065690041 102.556381226 0.002728130 0.055362411 -0.031060090 0.997979403
213341400000.000000 289.740325928 -11.120346069 105.577224731 -0.001167373 0.064670302 -0.027109245 0.997537732
213652400000.000000 290.179473877 -11.164858818 108.582466125 -0.000639315 0.072087049 -0.020585110 0.997185707
213963300000.000000 290.602661133 -11.211428642 111.561912537 0.001774331 0.077072151 -0.026893219 0.996661186
214378000000.000000 291.210296631 -11.290245056 115.488288879 0.000651403 0.076772675 -0.022204923 0.996801138
214792400000.000000 291.773864746 -11.351419449 119.365989685 -0.000300149 0.069617465 -0.018672744 0.997398973
215103600000.000000 292.159179688 -11.398532867 122.223327637 0.004217008 0.065507516 -0.015122284 0.997728586
215414700000.000000 292.553070068 -11.445055962 125.035842896 -0.005690388 0.063955478 -0.002465213 0.997933507
215621900000.000000 292.798126221 -11.463123322 126.850509644 -0.002170446 0.064280696 -0.001158488 0.997928798
215829200000.000000 293.030395508 -11.478989601 128.605392456 0.001953675 0.066339262 -0.001758475 0.997793674
216036700000.000000 293.263916016 -11.505004883 130.345138550 -0.003326188 0.070415474 -0.002504568 0.997509062
216347700000.000000 293.650634766 -11.530569077 132.831634521 -0.002099911 0.080228545 -0.001009639 0.996773779
216658700000.000000 294.085479736 -11.559687614 135.162612915 -0.000125985 0.093920261 -0.001669413 0.995578349
216969700000.000000 294.534027100 -11.601544380 137.280212402 0.002529374 0.107988276 -0.005888987 0.994131505
217177000000.000000 294.822479248 -11.620700836 138.577178955 0.007235314 0.116826013 -0.010551102 0.993070006
217487700000.000000 295.285339355 -11.673034668 140.379501343 -0.004044597 0.124941729 -0.008721657 0.992117524
217798600000.000000 295.722930908 -11.704731941 142.041717529 -0.000023305 0.125788942 -0.004705583 0.992045939
218212900000.000000 296.259765625 -11.741415024 144.212493896 0.002927146 0.109024256 0.003305379 0.994029284
218626500000.000000 296.562683105 -11.782159805 146.391342163 -0.001209192 0.061284266 0.001936409 0.998117805
219040200000.000000 296.522796631 -11.804012299 148.520568848 0.004891985 -0.020090211 0.001296406 0.999785364
219453400000.000000 296.056640625 -11.837497711 150.655349731 -0.001569408 -0.126172096 -0.000925833 0.992006719
219866900000.000000 295.062011719 -11.830308914 152.671813965 -0.007784090 -0.243648559 -0.003789482 0.969824970
220177400000.000000 293.955200195 -11.797744751 154.055053711 -0.012030735 -0.332566857 -0.010990311 0.942938924
220488200000.000000 292.570861816 -11.741950989 155.265319824 -0.016778169 -0.414387256 -0.014457593 0.909831107
220903300000.000000 290.342712402 -11.659737587 156.617538452 -0.005278437 -0.498630971 -0.013719593 0.866689742
221215300000.000000 288.417388916 -11.604701996 157.537643433 -0.006932070 -0.527160585 -0.023411788 0.849414825
221527500000.000000 286.370269775 -11.532697678 158.480010986 -0.006012661 -0.533535182 -0.029307647 0.845248640
221839500000.000000 284.238983154 -11.453691483 159.482849121 -0.003572913 -0.531715095 -0.030580249 0.846363544
222151200000.000000 282.019531250 -11.377725601 160.536102295 0.003503895 -0.527594388 -0.033826575 0.848815441
222462500000.000000 279.682495117 -11.314573288 161.701416016 0.004187139 -0.522416055 -0.035131060 0.851956487
222773500000.000000 277.252563477 -11.250451088 162.950134277 0.003087211 -0.518958747 -0.034424528 0.854100227
223084400000.000000 274.719543457 -11.179837227 164.267135620 0.002288691 -0.518015325 -0.033693187 0.854704499
223395400000.000000 272.141998291 -11.106082916 165.624237061 -0.000080115 -0.514996111 -0.035033699 0.856476307
223706400000.000000 269.529937744 -11.033870697 167.009185791 0.005875759 -0.509615600 -0.032732174 0.859759331
224121100000.000000 266.085876465 -10.970826149 168.972167969 0.002188204 -0.493921757 -0.034993734 0.868799210
224535900000.000000 262.769348145 -10.910942078 171.074020386 -0.000797454 -0.475897640 -0.030166494 0.878982842
224846800000.000000 260.345214844 -10.856777191 172.734695435 -0.005938114 -0.466104299 -0.025127986 0.884352922
225157400000.000000 257.911956787 -10.787635803 174.440460205 -0.009878559 -0.465385169 -0.016013160 0.884908259
225468000000.000000 255.423782349 -10.710407257 176.125823975 -0.015644707 -0.472853720 -0.011516856 0.880926788
225778900000.000000 252.865173340 -10.633352280 177.745239258 -0.012830656 -0.483653724 -0.010628690 0.875100911
226089800000.000000 250.266052246 -10.573323250 179.328842163 -0.015520736 -0.493974239 -0.006358025 0.869314730
226400800000.000000 247.629791260 -10.496058464 180.860443115 -0.023457972 -0.504150569 -0.001767670 0.863295317
226608200000.000000 245.867584229 -10.439496994 181.835357666 -0.023578634 -0.510880649 0.002252500 0.859325290
226815500000.000000 244.069366455 -10.389803886 182.790863037 -0.023183955 -0.516616940 0.005069218 0.855887711
227022900000.000000 242.258239746 -10.338854790 183.732894897 -0.026960401 -0.520939589 0.004712950 0.853154600
227230200000.000000 240.444320679 -10.277000427 184.639739990 -0.027848592 -0.523857534 0.001960007 0.851348341
227541400000.000000 237.736984253 -10.192831039 185.971160889 -0.022493884 -0.524376273 0.001310218 0.851188481
227956000000.000000 234.197128296 -10.112609863 187.750305176 -0.016381519 -0.521712184 0.001304765 0.852963269
228267000000.000000 231.573059082 -10.064172745 189.097991943 -0.016424518 -0.518007755 -0.003597981 0.855210662
228578000000.000000 229.001358032 -10.002513885 190.448593140 -0.021390393 -0.517233372 -0.003280948 0.855570853
228992600000.000000 225.637451172 -9.921156883 192.185562134 -0.016253598 -0.518913388 -0.003787811 0.854663908
229303600000.000000 223.174026489 -9.857630730 193.462493896 -0.023511438 -0.520716190 -0.003414051 0.853399217
229614500000.000000 220.811813354 -9.798381805 194.661010742 -0.016443752 -0.522952735 0.000170991 0.852203131
229925600000.000000 218.537078857 -9.753189087 195.800964355 -0.022990858 -0.525242448 -0.002896641 0.850637078
230029200000.000000 217.812881470 -9.738433838 196.158843994 -0.024072342 -0.526264071 -0.003538385 0.849973023
230132800000.000000 217.113464355 -9.722253799 196.504272461 -0.022016974 -0.527212918 -0.002332789 0.849444807
230236700000.000000 216.422515869 -9.701236725 196.843597412 -0.019003959 -0.527910888 -0.002045136 0.849084735
230340300000.000000 215.747772217 -9.682403564 197.167892456 -0.017234113 -0.528266609 -0.003319672 0.848897159
230443900000.000000 215.084197998 -9.668689728 197.484008789 -0.018144023 -0.528812468 -0.004164446 0.848534524
230651300000.000000 213.804153442 -9.639616013 198.095672607 -0.018593568 -0.529826522 -0.007983563 0.847864628
230754900000.000000 213.187988281 -9.621272087 198.390319824 -0.019983124 -0.530349910 -0.009947927 0.847484946
230858500000.000000 212.594161987 -9.604699135 198.686050415 -0.021838097 -0.530848145 -0.009523978 0.847132087
230962300000.000000 212.028976440 -9.593814850 198.964080811 -0.022004146 -0.531275511 -0.007635346 0.846878886
231065900000.000000 211.484909058 -9.579718590 199.229125977 -0.019772843 -0.530983150 -0.006504465 0.847126603
231169600000.000000 210.955230713 -9.561818123 199.482925415 -0.017683478 -0.530435503 -0.006329724 0.847517192
231480600000.000000 209.495971680 -9.529464722 200.205520630 -0.019833142 -0.526383519 -0.007364895 0.849983931
231895400000.000000 207.904678345 -9.484685898 201.050354004 -0.020066584 -0.515133440 -0.005992840 0.856854081
232414000000.000000 206.493804932 -9.447079659 201.883834839 -0.023301989 -0.494191885 -0.011721893 0.868961453
233243200000.000000 204.903594971 -9.396041870 203.009704590 -0.013306552 -0.460315764 -0.007415673 0.887624562
234176000000.000000 202.916137695 -9.364760399 204.584915161 0.000218511 -0.429437459 -0.007471909 0.903065741
234797300000.000000 200.707489014 -9.331249237 206.319091797 -0.002479971 -0.437242806 -0.011043118 0.899272323
235211600000.000000 198.823333740 -9.278968811 207.676147461 -0.012665936 -0.455147088 -0.017330550 0.890157461
235522500000.000000 197.267059326 -9.216838837 208.746429443 -0.013950380 -0.470523447 -0.009655382 0.882224381
235937100000.000000 194.934631348 -9.145544052 210.210006714 -0.015440814 -0.492140710 0.000957282 0.870378196
236248300000.000000 193.015106201 -9.095558167 211.313735962 -0.019756621 -0.504716337 0.003100995 0.863053620
236559500000.000000 190.982376099 -9.029235840 212.447998047 -0.029630242 -0.511088073 0.004408316 0.859006166
236870600000.000000 188.871368408 -8.938583374 213.584655762 -0.026145834 -0.513190150 0.006252157 0.857853830
237181600000.000000 186.663726807 -8.860490799 214.745666504 -0.023747904 -0.514290512 0.000927026 0.857286692
237388900000.000000 185.155014038 -8.807741165 215.534851074 -0.018425351 -0.514628649 0.002007574 0.857212901
237699900000.000000 182.837203979 -8.749296188 216.776947021 -0.021770095 -0.514581621 0.001451973 0.857163787
238011000000.000000 180.466613770 -8.667524338 218.033340454 -0.025114207 -0.513982356 -0.001899451 0.857430935
238321800000.000000 178.101898193 -8.586299896 219.294845581 -0.021298340 -0.513309360 -0.002059361 0.857936859
238632700000.000000 175.736358643 -8.512591362 220.565795898 -0.022893908 -0.513915181 -0.001803356 0.857533574
238943700000.000000 173.385314941 -8.437168121 221.819549561 -0.025554474 -0.513893485 -0.001252330 0.857472360
239151000000.000000 171.842727661 -8.393465042 222.637573242 -0.019961495 -0.514428496 0.002640145 0.857296884
239462000000.000000 169.529129028 -8.343172073 223.866455078 -0.023954151 -0.515917659 0.002976585 0.856298089
239669300000.000000 168.053833008 -8.307137489 224.627502441 -0.022020385 -0.516440392 0.002611539 0.856036007
239876600000.000000 166.639053345 -8.277277946 225.377929688 -0.023895616 -0.517512202 0.004415045 0.855330706
240083800000.000000 165.285034180 -8.246952057 226.082183838 -0.025461659 -0.519334316 0.005075346 0.854176700
240291300000.000000 164.011154175 -8.221317291 226.715301514 -0.025416736 -0.522851884 0.003648058 0.852036715
240602100000.000000 162.211822510 -8.178890228 227.577774048 -0.025575301 -0.533018351 0.000034763 0.845717072
240912900000.000000 160.564544678 -8.149282455 228.305969238 -0.019956814 -0.549856484 0.006339863 0.834996641
241223300000.000000 158.860290527 -8.116439819 228.906768799 -0.020119879 -0.582891166 0.004981150 0.812285841
241637400000.000000 156.609558105 -8.078003883 229.363861084 -0.020997759 -0.638290346 -0.004716697 0.769494832
242052300000.000000 154.349761963 -8.015604973 229.484985352 -0.016799463 -0.690854967 -0.010074273 0.722727954
242466800000.000000 151.956237793 -7.931005955 229.342514038 -0.016454134 -0.725751281 -0.020276561 0.687461436
242986100000.000000 148.697494507 -7.762378693 228.997924805 -0.016540265 -0.739622295 -0.026500519 0.672296822
243401100000.000000 145.798980713 -7.615611553 228.730453491 -0.018322678 -0.741178989 -0.016294738 0.670859516
243712200000.000000 143.448394775 -7.496029854 228.501403809 -0.021140672 -0.740306616 -0.017372886 0.671712339
244023400000.000000 140.966293335 -7.378796101 228.258453369 -0.016787220 -0.737510085 -0.014695926 0.674967587
244334400000.000000 138.328445435 -7.269574165 228.052429199 -0.020882096 -0.732999742 -0.008532007 0.679854870
244645500000.000000 135.542800903 -7.158233166 227.870941162 -0.025973627 -0.728646100 -0.010072777 0.684323549
244956500000.000000 132.635314941 -7.029901505 227.714965820 -0.028545974 -0.726056159 -0.002412656 0.687038422
245267400000.000000 129.615814209 -6.939041138 227.555587769 -0.025245525 -0.725882769 0.005030910 0.687336683
245578300000.000000 126.496002197 -6.845933914 227.357360840 -0.031535763 -0.726282895 -0.009535208 0.686605990
245889300000.000000 123.414199829 -6.727177620 227.166946411 -0.026757652 -0.728971958 -0.000530729 0.684020162
246096500000.000000 121.322143555 -6.671742439 227.026168823 -0.026795449 -0.730897546 0.000455191 0.681960940
246303700000.000000 119.252182007 -6.611745834 226.867126465 -0.029938122 -0.732299507 -0.004236795 0.680311203
246511200000.000000 117.173782349 -6.534749985 226.711685181 -0.031830676 -0.733260334 -0.008590254 0.679148257
246718600000.000000 115.151977539 -6.455711365 226.544616699 -0.027083548 -0.733812511 -0.003430824 0.678803265
246925900000.000000 113.119079590 -6.394345284 226.379455566 -0.028748443 -0.733734727 -0.003962281 0.678816020
247133300000.000000 111.095016479 -6.327625275 226.225555420 -0.032584306 -0.733636439 -0.006607678 0.678728402
247340500000.000000 109.099288940 -6.251272202 226.067260742 -0.029589713 -0.732740521 -0.003561774 0.679855287
247547900000.000000 107.126785278 -6.200810432 225.926818848 -0.027449774 -0.732098758 0.002503427 0.680640697
247755100000.000000 105.147460938 -6.152719498 225.789825439 -0.030708192 -0.731403291 0.002585151 0.681248605
247858800000.000000 104.158645630 -6.127218246 225.727447510 -0.034693055 -0.730963945 0.001357708 0.681532383
247962400000.000000 103.182388306 -6.097401619 225.658157349 -0.034336168 -0.730501711 0.000923539 0.682046592
248169800000.000000 101.234756470 -6.035632133 225.527847290 -0.035446256 -0.730167687 0.003740062 0.682337701
248480700000.000000 98.332946777 -5.949886322 225.332748413 -0.038062498 -0.730845571 0.006094688 0.681453526
248791600000.000000 95.474624634 -5.858453751 225.122924805 -0.040735640 -0.733171225 0.004701256 0.678806663
249102500000.000000 92.675216675 -5.755514145 224.883255005 -0.040535521 -0.736500561 0.000336294 0.675221264
249413400000.000000 90.005493164 -5.654356956 224.632415771 -0.038206127 -0.739179552 0.001733135 0.672421753
249620800000.000000 88.318420410 -5.599963188 224.464782715 -0.036311351 -0.739801884 0.000931884 0.671843588
249828200000.000000 86.701095581 -5.545234680 224.313858032 -0.036215294 -0.740017831 -0.001500549 0.671609938
250035500000.000000 85.173629761 -5.499488831 224.166641235 -0.035661835 -0.738590360 -0.003730978 0.673200250
250346500000.000000 83.035934448 -5.410132408 224.007461548 -0.036200635 -0.732263029 -0.005341442 0.680038214
250761600000.000000 80.468505859 -5.305370331 223.934936523 -0.034868442 -0.710874617 -0.002288657 0.702450156
251488200000.000000 76.332321167 -5.130549908 224.413543701 -0.027487636 -0.628666878 -0.007416897 0.777153432
252215100000.000000 72.687698364 -4.990428448 226.121734619 -0.016000994 -0.473443061 -0.018894723 0.880476415
252733400000.000000 70.670791626 -4.907911301 228.227233887 -0.004498790 -0.338479191 -0.018329099 0.940784574
253355100000.000000 69.022079468 -4.891551495 231.626434326 -0.001720881 -0.183234125 -0.007193917 0.983041465
253769300000.000000 68.396850586 -4.905702591 234.312637329 0.005200025 -0.096362226 -0.002797064 0.995328844
253976200000.000000 68.220245361 -4.924361229 235.716934204 0.010612608 -0.066969983 0.000663323 0.997698367
254079700000.000000 68.151504517 -4.932300568 236.451004028 0.008294919 -0.055759288 0.000696424 0.998409569
254286200000.000000 68.036186218 -4.966736794 237.987182617 -0.001913377 -0.038711425 -0.000307739 0.999248564
254699700000.000000 67.891456604 -4.980296612 241.098678589 0.000115243 -0.024141612 0.010132412 0.999657214
255010100000.000000 67.788581848 -5.002947330 243.506973267 -0.000652994 -0.023234734 0.012050316 0.999657214
255320700000.000000 67.686256409 -5.032711029 245.982650757 0.005071408 -0.024219979 0.016992984 0.999549389
255631500000.000000 67.598007202 -5.092368603 248.543884277 0.009160732 -0.026651597 0.031109815 0.999118626
255942300000.000000 67.449600220 -5.144206524 251.207168579 -0.001238009 -0.030325489 0.031929620 0.999029219
256253400000.000000 67.234725952 -5.154612541 253.934753418 -0.005329269 -0.032105315 0.021516571 0.999238670
256564399999.999969 67.038436890 -5.171566963 256.730194092 0.005217941 -0.032631487 0.019046860 0.999272346
256875400000.000000 66.829795837 -5.218498230 259.674652100 0.000117995 -0.031024955 0.014397284 0.999414921
257186200000.000000 66.631378174 -5.224276066 262.686218262 -0.004965308 -0.028956937 0.010419759 0.999514043
257393500000.000031 66.508644104 -5.239013672 264.730499268 0.003994046 -0.028588988 0.011050967 0.999522209
257497000000.000000 66.447341919 -5.251979351 265.776794434 0.005056281 -0.029016558 0.012283986 0.999490678
257600600000.000000 66.387100220 -5.267978668 266.826690674 0.000034218 -0.029961295 0.011577646 0.999484003
257807900000.000031 66.241477966 -5.281300068 268.974853516 -0.005576285 -0.031043448 0.011437416 0.999437094
258015200000.000000 66.104400635 -5.285041809 271.114746094 -0.000315181 -0.032013368 0.012871550 0.999404550
258326100000.000000 65.883956909 -5.315413475 274.384094238 -0.001685735 -0.033370271 0.012394188 0.999364793
258637000000.000000 65.645286560 -5.337349892 277.668670654 -0.005542134 -0.033992175 0.010128008 0.999355435
258947900000.000000 65.427093506 -5.359099388 280.922027588 -0.000626723 -0.034477413 0.012172769 0.999331117
259258899999.999969 65.201301575 -5.403780937 284.149597168 0.002340097 -0.036362272 0.013606131 0.999243319
259673400000.000000 64.851593018 -5.458184242 288.512786865 -0.005543316 -0.037369438 0.011405542 0.999221087
259984300000.000031 64.599182129 -5.485649109 291.712127686 0.000332257 -0.035625368 0.007960370 0.999333501
260295200000.000031 64.355751038 -5.520746231 294.904663086 -0.003137880 -0.034259841 0.004036881 0.999399900
260606299999.999969 64.123466492 -5.557671547 298.070434570 0.001146085 -0.034185637 0.002826005 0.999410868
261020899999.999969 63.813907623 -5.599478722 302.280548096 -0.003974997 -0.033764504 -0.000226830 0.999421895
261331800000.000000 63.600963593 -5.621388435 305.395080566 -0.002207514 -0.035783313 0.005017022 0.999344587
261642700000.000000 63.352466583 -5.646049976 308.497070312 -0.006191655 -0.039666720 0.003574318 0.999187410
261953700000.000031 63.080120087 -5.647591591 311.561767578 -0.007411217 -0.044194121 0.002420105 0.998992562
262264500000.000000 62.804225922 -5.665837288 314.596954346 -0.000557259 -0.049287304 0.007822766 0.998753846
262679300000.000000 62.353481293 -5.720955849 318.633575439 0.002427374 -0.059050571 0.006955793 0.998227835
263093700000.000000 61.804435730 -5.754282475 322.655303955 -0.002768757 -0.068629488 0.003013565 0.997633815
263508500000.000031 61.169002533 -5.791021347 326.643951416 -0.000495510 -0.070319019 -0.015250726 0.997407854
263923200000.000000 60.606090546 -5.831516743 330.655426025 -0.001327121 -0.063234426 -0.017431965 0.997845590
264234200000.000000 60.230751038 -5.841832161 333.703186035 -0.006987256 -0.053969324 -0.023269476 0.998246968
264545100000.000000 59.900352478 -5.854097366 336.743865967 0.002042985 -0.045194227 -0.027576344 0.998595476
264855900000.000031 59.663291931 -5.889700890 339.842041016 -0.001983769 -0.038827661 -0.018731359 0.999068379
265166900000.000000 59.430019379 -5.911764622 342.948059082 -0.001319892 -0.033797499 -0.019378114 0.999239981
265477800000.000000 59.206188202 -5.938845158 346.058044434 -0.000604866 -0.029989362 -0.023038728 0.999284506
265788799999.999969 59.013103485 -5.961210251 349.176177979 -0.002900928 -0.028798120 -0.024335796 0.999284744
266203500000.000031 58.770217896 -6.001095772 353.303283691 -0.003132067 -0.027946215 -0.020350685 0.999397337
266618100000.000031 58.540943146 -6.027853489 357.335845947 -0.005944403 -0.027370160 -0.017393028 0.999456406
266929100000.000000 58.386287689 -6.049897194 360.234497070 -0.002090271 -0.026084917 -0.012207688 0.999583006
267343800000.000000 58.189838409 -6.092787743 363.923400879 -0.002648964 -0.019878123 -0.015591905 0.999677360
267758400000.000000 58.076164246 -6.139182568 367.375274658 0.000043986 -0.008753396 -0.018682707 0.999787152
268069399999.999969 58.066665649 -6.170826912 369.806365967 -0.008611911 -0.001526053 -0.013039755 0.999876738
268276599999.999969 58.058032990 -6.181802273 371.300476074 -0.004086619 0.000005765 -0.013293260 0.999903321
268380200000.000000 58.064140320 -6.181738853 372.014251709 -0.002431126 0.000024006 -0.011530999 0.999930561
268483799999.999969 58.073276520 -6.194409847 372.713562012 -0.000665586 0.000090234 -0.008835242 0.999960780
268587600000.000000 58.071815491 -6.210832119 373.415344238 0.002061144 0.000024820 -0.008615669 0.999960780
268794800000.000000 58.056632996 -6.233811855 374.799194336 0.005329241 -0.001437861 -0.009430067 0.999940336
269002000000.000000 58.050170898 -6.255276680 376.192779541 -0.000732266 -0.005080104 -0.004480183 0.999976814
269416500000.000000 57.949230194 -6.287602425 378.902313232 -0.000250401 -0.024689026 -0.002060628 0.999693036
269830900000.000000 57.665943146 -6.308609009 381.616271973 -0.001060497 -0.054235190 -0.006855282 0.998504102
270245799999.999969 57.205654144 -6.329984665 384.487030029 0.002964522 -0.074766405 -0.016525766 0.997059762
270660700000.000031 56.696113586 -6.342703819 387.589904785 -0.001393335 -0.073500417 -0.023014527 0.997028649
271075699999.999969 56.257953644 -6.353152275 390.933380127 0.004082329 -0.057310712 -0.021236693 0.998122156
271594200000.000000 55.879379272 -6.394742966 395.472229004 0.005889390 -0.028929511 -0.022122370 0.999319255
272008600000.000000 55.736007690 -6.457278252 399.334564209 0.003134907 -0.015767055 -0.016118605 0.999740839
272319200000.000031 55.665657043 -6.489250183 402.368865967 0.002766708 -0.010798124 -0.013855069 0.999841928
272630100000.000031 55.576236725 -6.510661602 405.549346924 -0.000158148 -0.013217393 -0.011753025 0.999843597
272940999999.999969 55.460048676 -6.538372517 408.817260742 -0.001970175 -0.018498378 -0.009815843 0.999778748
273252000000.000000 55.314666748 -6.571413040 412.083160400 0.003492713 -0.024605388 -0.004589515 0.999680638
273563100000.000031 55.118164062 -6.619339943 415.363311768 -0.004528649 -0.028404623 -0.007779605 0.999556005
273874100000.000000 54.897033691 -6.631392479 418.604339600 -0.002354963 -0.030842585 -0.009760144 0.999473810
274185000000.000000 54.671009064 -6.662517548 421.844146729 0.001429759 -0.032693561 -0.011644128 0.999396563
274496100000.000000 54.457939148 -6.701871395 425.065246582 -0.003888780 -0.032241818 -0.011079321 0.999411166
274807100000.000000 54.247665405 -6.715648174 428.256347656 -0.004325582 -0.031799760 -0.010635726 0.999428332
275221700000.000000 53.962528229 -6.757999420 432.447357178 0.003283953 -0.030694082 -0.012641203 0.999443531
275636400000.000000 53.724411011 -6.821926117 436.534454346 -0.003307915 -0.029769732 -0.007615298 0.999522328
276050900000.000000 53.455982208 -6.873552322 440.366088867 -0.000735343 -0.033933375 -0.011443006 0.999358296
276361800000.000000 53.226520538 -6.904860973 443.089080811 -0.003274590 -0.042863555 -0.009528316 0.999030113
276776500000.000000 52.832904816 -6.932481289 446.518890381 -0.005197642 -0.056332607 -0.012171594 0.998324335
277294300000.000000 52.273529053 -6.976669312 450.394592285 -0.001185402 -0.077001944 -0.013894712 0.996933401
277812800000.000000 51.603534698 -7.007857800 453.751007080 -0.006157574 -0.091415919 -0.027822660 0.995405018
278332300000.000000 51.194351196 -7.019961357 456.549468994 -0.003810975 -0.047904428 -0.039785363 0.998052001
278853000000.000000 51.435985565 -7.062702179 458.982940674 -0.000578105 0.077695161 -0.041680817 0.996105373
279373400000.000000 52.418235779 -7.144203663 460.962860107 0.007503245 0.251325488 -0.025599074 0.967534959
279892300000.000000 54.019493103 -7.246024132 462.410339355 0.004975238 0.415735066 -0.009643556 0.909421027
280306800000.000000 55.540664673 -7.293491364 463.144256592 0.003844530 0.532248437 -0.006154568 0.846557140
280721100000.000000 57.267974854 -7.351137161 463.496215820 0.013568525 0.623803854 -0.001685564 0.781461418
281238000000.000000 59.794860840 -7.425820827 463.698913574 0.016808953 0.684341669 -0.005683938 0.728945553
281650900000.000000 62.136383057 -7.504952908 463.795288086 0.017851954 0.691091716 -0.003041866 0.722540200
281961100000.000000 64.066864014 -7.576328754 463.901336670 0.017458651 0.688315392 -0.002475936 0.725197196
282271600000.000000 66.141265869 -7.652418137 464.030517578 0.017943593 0.685377479 -0.001941857 0.727964282
282686000000.000000 69.109161377 -7.762607098 464.252990723 0.020473817 0.681769431 -0.008168674 0.731234908
283100700000.000000 72.366821289 -7.894290924 464.520141602 0.014406905 0.679407477 -0.005943871 0.733595669
283619000000.000000 76.720367432 -8.045284271 464.889038086 0.017161174 0.677942038 -0.007659892 0.734875202
283930200000.000000 79.454772949 -8.173168182 465.125885010 0.017858293 0.679787040 -0.012398844 0.733087242
284241100000.000000 82.292663574 -8.301142693 465.333129883 0.012431619 0.682942331 -0.006824734 0.730334699
284552100000.000000 85.162506104 -8.407359123 465.517761230 0.016046189 0.684347749 -0.005204764 0.728960633
284862900000.000000 88.091369629 -8.520811081 465.730041504 0.013174175 0.683961689 -0.007370913 0.729361713
285174000000.000000 91.059417725 -8.634461403 465.946624756 0.011803688 0.683440745 -0.010967090 0.729828179
285485100000.000000 94.030395508 -8.768773079 466.155487061 0.013222667 0.682800829 -0.011388834 0.730396211
285796100000.000000 97.026641846 -8.893615723 466.360290527 0.009918917 0.682964146 -0.005484078 0.730363965
286003400000.000000 99.002868652 -8.963585854 466.503631592 0.008806433 0.683971584 -0.006001295 0.729430795
286210700000.000000 100.991729736 -9.035733223 466.628845215 0.012321067 0.685279548 -0.007261366 0.728139699
286521500000.000000 103.971893311 -9.149442673 466.793853760 0.014054727 0.685961664 -0.003084753 0.727495432
286832500000.000000 106.907012939 -9.270282745 466.987487793 0.016864808 0.685212314 -0.009183389 0.728090227
287247200000.000000 110.803314209 -9.475201607 467.252990723 0.011918588 0.684770048 -0.008928953 0.728607118
287765500000.000000 115.539581299 -9.679971695 467.562316895 0.016731335 0.683555603 -0.008458123 0.729657650
288180100000.000000 119.237182617 -9.882678986 467.844635010 0.015510527 0.681331694 -0.013433217 0.731687129
288594600000.000000 122.912170410 -10.047088623 468.169555664 0.010710459 0.671566606 -0.004447717 0.740853488
288905400000.000000 125.606750488 -10.145392418 468.519714355 0.011004259 0.659944654 -0.007970729 0.751191378
289216400000.000000 128.278686523 -10.246784210 468.946228027 0.007332262 0.648402393 -0.009816743 0.761199176
289527500000.000000 130.924713135 -10.340457916 469.434509277 0.008546122 0.638023555 -0.012834264 0.769862473
289942300000.000000 134.411636353 -10.475999832 470.177001953 0.003685723 0.626320362 -0.007064620 0.779524982
290356800000.000000 137.796981812 -10.593338013 471.031768799 0.008664967 0.610739589 -0.009704342 0.791724622
290667800000.000000 140.318695068 -10.686996460 471.753662109 0.008973411 0.596240878 -0.002068712 0.802752852
290978900000.000000 142.780334473 -10.788463593 472.546752930 0.018918658 0.583670914 -0.004019704 0.811759949
291186200000.000000 144.391479492 -10.867590904 473.123718262 0.014859756 0.577019393 -0.003396292 0.816588223
291497200000.000000 146.784820557 -10.962044716 474.031036377 0.008272951 0.568256378 -0.000830222 0.822809577
291808200000.000000 149.127044678 -11.047745705 474.974670410 0.014714637 0.558649540 -0.004502374 0.829261065
292222800000.000000 152.213470459 -11.189694405 476.299804688 0.015797099 0.545910597 -0.004284834 0.837683618
292740900000.000000 155.931533813 -11.379875183 478.111419678 0.014570136 0.526574254 -0.008464906 0.849962115
293155400000.000000 158.789230347 -11.529294968 479.654357910 0.012116194 0.510788143 -0.009934312 0.859563828
293466500000.000000 160.866134644 -11.643125534 480.860717773 0.017929060 0.498300850 -0.013569003 0.866712570
293881200000.000000 163.560607910 -11.789239883 482.533325195 0.006244858 0.482402235 -0.004690814 0.875915051
294295800000.000000 166.016738892 -11.890867233 484.190307617 0.010738350 0.466382772 -0.008452743 0.884477437
294503200000.000000 167.152511597 -11.949836731 485.004577637 0.008712371 0.460302681 -0.009549957 0.887667954
294710500000.000000 168.221801758 -12.007145882 485.779846191 0.007554699 0.456851482 -0.010597965 0.889447749
295125500000.000000 170.139434814 -12.116234779 487.161621094 0.009811641 0.459756315 -0.016164931 0.887843788
295644500000.000000 172.212127686 -12.209304810 488.489318848 0.000966003 0.486850590 -0.008850758 0.873439908
296370700000.000000 174.681274414 -12.315404892 489.646179199 0.011710593 0.555323005 -0.011714308 0.831469774
297096900000.000000 177.225906372 -12.417733192 490.089202881 0.014574765 0.666260898 -0.010536992 0.745501816
297719300000.000000 179.590576172 -12.520041466 489.749694824 0.012077468 0.771969259 -0.008439152 0.635489166
298237700000.000000 181.693481445 -12.591594696 488.779418945 0.005594581 0.855523705 -0.006809828 0.517688513
298651900000.000000 183.494873047 -12.618405342 487.359497070 0.006002957 0.906303346 -0.005802968 0.422545314
298962000000.000000 184.876098633 -12.641826630 485.950927734 0.007571415 0.925313234 -0.003629390 0.379110694
299272000000.000000 186.347045898 -12.673021317 484.315185547 0.009159380 0.935141206 -0.003332715 0.354141146
299478900000.000000 187.362487793 -12.690110207 483.101074219 0.009565957 0.939381480 -0.003183644 0.342725575
299788800000.000000 188.993041992 -12.721747398 481.111358643 0.010344318 0.942500174 0.000887308 0.334044397
300099300000.000000 190.723144531 -12.753186226 478.973205566 0.011184840 0.943538785 -0.003984929 0.331049263
300513500000.000000 193.201110840 -12.801486969 475.857452393 0.009956326 0.944965243 0.001192361 0.327017099
300927800000.000000 195.749389648 -12.858668327 472.634643555 0.013957728 0.944709480 0.000081296 0.327611268
301342200000.000000 198.348999023 -12.944356918 469.396148682 0.014897586 0.943458557 0.002069075 0.331149191
301756800000.000000 200.950805664 -13.018478394 466.193145752 0.015759619 0.942198157 0.002859700 0.334673107
301964100000.000000 202.246948242 -13.059274673 464.619506836 0.017284308 0.941666305 0.000701385 0.336103201
302171400000.000000 203.549865723 -13.099449158 463.052032471 0.016170166 0.941336691 0.000910657 0.337080032
302482400000.000000 205.519775391 -13.166651726 460.676940918 0.014719412 0.941277742 0.002217543 0.337305009
302793400000.000000 207.472229004 -13.232455254 458.318176270 0.013852874 0.941392004 0.001118835 0.337028176
303104400000.000000 209.388061523 -13.293331146 456.011260986 0.014600678 0.941842020 0.001835511 0.335733742
303415400000.000000 211.302673340 -13.351405144 453.681640625 0.014745184 0.941906571 0.001588273 0.335547328
303622600000.000000 212.579345703 -13.385178566 452.139892578 0.012572172 0.941602647 0.004934871 0.336455256
303933600000.000000 214.486572266 -13.428046227 449.853576660 0.012052193 0.940370321 0.003341705 0.339922518
304244400000.000000 216.444763184 -13.466202736 447.551971436 0.012898017 0.939207733 0.002310934 0.343099266
304659000000.000000 219.140991211 -13.535071373 444.396728516 0.014716133 0.938404083 0.000749980 0.345225483
305073700000.000000 221.938964844 -13.616626740 441.143341064 0.008852402 0.939095378 -0.000553747 0.343542159
305488400000.000000 224.735473633 -13.689324379 437.821289062 0.012716807 0.939199984 0.003145592 0.343120813
305799300000.000000 226.838256836 -13.743834496 435.361053467 0.013304722 0.938655674 0.002378969 0.344590873
306213700000.000000 229.618225098 -13.832165718 432.142211914 0.013513166 0.937503517 0.000330371 0.347713321
306524700000.000000 231.695373535 -13.913411140 429.772674561 0.012181751 0.936917305 -0.001864138 0.349333793
306835700000.000000 233.755920410 -13.994337082 427.429687500 0.009241477 0.936784089 -0.000125750 0.349785984
307146500000.000000 235.722106934 -14.057668686 425.175994873 0.009079703 0.937311411 0.002651536 0.348364562
307353900000.000000 236.980407715 -14.089275360 423.734039307 0.009640479 0.938102067 0.003382194 0.346208334
307664900000.000000 238.698120117 -14.151159286 421.704986572 0.009251270 0.940752149 0.002492034 0.338959575
308079700000.000000 240.651916504 -14.219181061 419.204650879 0.011085652 0.948098958 0.002904518 0.317768902
308495000000.000000 242.144714355 -14.285042763 416.905548096 0.011501603 0.963706732 0.000284843 0.266715229
308910900000.000000 243.067382812 -14.343621254 414.637481689 0.013776650 0.985268176 0.002406505 0.170443967
309223100000.000000 243.337982178 -14.364201546 412.876495361 0.013862228 0.997384071 0.009111539 0.070355497
309535200000.000000 243.228332520 -14.349566460 411.193176270 -0.015535097 -0.998985589 -0.010268108 0.041000251
309846600000.000000 242.721160889 -14.332505226 409.618103027 -0.018402485 -0.988445759 -0.012725512 0.149914593
310157900000.000000 241.893661499 -14.286840439 408.138732910 -0.020808408 -0.967838049 -0.017322557 0.250112921
310468500000.000000 240.817932129 -14.225017548 406.770172119 -0.020813283 -0.942741215 -0.021655643 0.332170039
310882300000.000000 239.037994385 -14.104572296 405.058685303 -0.016157657 -0.911831319 -0.027933842 0.409295022
311296400000.000000 236.894226074 -13.958532333 403.538787842 -0.008125476 -0.879259884 -0.032056876 0.475193053
311710900000.000000 234.364135742 -13.805246353 402.230957031 -0.007601995 -0.847375393 -0.029663080 0.530110598
312125300000.000000 231.460876465 -13.648723602 401.130218506 -0.013566284 -0.817926109 -0.022705037 0.574714959
312643100000.000000 227.312408447 -13.422761917 399.965728760 -0.018198987 -0.789544702 -0.020644952 0.613075733
312954000000.000000 224.592285156 -13.273734093 399.366851807 -0.017398197 -0.773209572 -0.021811439 0.633536518
313264600000.000000 221.711029053 -13.134958267 398.886749268 -0.017824918 -0.762026966 -0.014115484 0.647146106
313575300000.000000 218.653503418 -13.021942139 398.434265137 -0.017126955 -0.755324185 -0.011789609 0.655021429
313989500000.000000 214.373199463 -12.859960556 397.858978271 -0.017635852 -0.750857711 -0.013270550 0.660095155
314300400000.000000 211.089904785 -12.750070572 397.427734375 -0.015917303 -0.747712433 -0.013884852 0.663686693
314611200000.000000 207.741271973 -12.639638901 397.034851074 -0.014598637 -0.745163202 -0.016081557 0.666528463
314922100000.000000 204.364135742 -12.525488853 396.662139893 -0.012960174 -0.742174029 -0.018510154 0.669826150
315336600000.000000 199.797271729 -12.362961769 396.196044922 -0.012400898 -0.738955498 -0.021923948 0.673283219
315751400000.000000 195.202728271 -12.201002121 395.778198242 -0.010051979 -0.735237122 -0.023118848 0.677341044
316062900000.000000 191.777252197 -12.076478958 395.501129150 -0.010675822 -0.733317673 -0.025136525 0.679337442
316165900000.000000 190.643951416 -12.033159256 395.414794922 -0.010641584 -0.732723475 -0.025647720 0.679959714
316373000000.000000 188.377410889 -11.941303253 395.245178223 -0.011373063 -0.731622636 -0.026586082 0.681096256
316684000000.000000 184.986846924 -11.804492950 395.002868652 -0.013850878 -0.730054259 -0.027313661 0.682702720
316995100000.000000 181.635864258 -11.657135010 394.772766113 -0.011895885 -0.728934824 -0.025767805 0.683994532
317305800000.000000 178.312103271 -11.516168594 394.560333252 -0.014472459 -0.728798866 -0.025897438 0.684084892
317720400000.000000 173.953155518 -11.318114281 394.266662598 -0.013370716 -0.728797913 -0.026853809 0.684071422
318031400000.000000 170.733093262 -11.180000305 394.061157227 -0.013578518 -0.728674710 -0.026290065 0.684220433
318238500000.000000 168.612121582 -11.089269638 393.926574707 -0.013692964 -0.728409648 -0.025817918 0.684518337
318445900000.000000 166.499572754 -11.003529549 393.792907715 -0.012898923 -0.727406263 -0.025580028 0.685608804
318653100000.000000 164.417144775 -10.923232079 393.676849365 -0.010655823 -0.726038754 -0.023283217 0.687176883
318860400000.000000 162.369415283 -10.858351707 393.566833496 -0.011273863 -0.724133015 -0.022617500 0.689197242
319067700000.000000 160.365478516 -10.791049957 393.471984863 -0.013846461 -0.722104132 -0.022678036 0.691273987
319378800000.000000 157.495727539 -10.692557335 393.353820801 -0.014222022 -0.718341708 -0.022254126 0.695189059
319689700000.000000 154.802673340 -10.607209206 393.291992188 -0.015629353 -0.715767026 -0.020287119 0.697869420
320000500000.000000 152.290374756 -10.518823624 393.224487305 -0.018175896 -0.718354821 -0.017009940 0.695231378
320311200000.000000 149.948791504 -10.445664406 393.116241455 -0.022776522 -0.726837337 -0.015625117 0.686254025
320725300000.000000 147.142944336 -10.335635185 392.830932617 -0.025631953 -0.747113764 -0.014885438 0.664034963
321242100000.000000 144.306427002 -10.235183716 392.118316650 -0.032524701 -0.806045115 -0.012721419 0.590822697
321965300000.000000 141.511169434 -10.111434937 390.045928955 -0.035177719 -0.923093438 -0.011925464 0.382777780
322483200000.000000 140.411437988 -10.030851364 387.874420166 -0.032756466 -0.976429284 -0.020271109 0.212372124
322898200000.000000 139.989929199 -9.971583366 385.862243652 -0.028587505 -0.994082868 -0.015853995 0.103589207
323418000000.000000 139.796081543 -9.899086952 383.037445068 -0.021658134 -0.999109089 -0.016810566 0.032084059
323833800000.000000 139.778884888 -9.837471008 380.548736572 -0.019488389 -0.999710262 -0.013253170 0.004898067
324249100000.000000 139.797256470 -9.779939651 377.776916504 0.022924053 0.999661565 0.011488984 0.004387022
324767700000.000000 139.903579712 -9.719240189 373.949676514 0.029012214 0.999379277 0.009157805 0.017763047
325285600000.000000 140.130065918 -9.674882889 369.653320312 0.032522224 0.999052703 0.007306479 0.027976651
325700400000.000000 140.374191284 -9.626062393 365.862213135 0.032924194 0.998823583 0.011566180 0.033669822
326115000000.000000 140.711608887 -9.545366287 361.829284668 0.024342405 0.999024689 0.012256449 0.034740590
326426000000.000000 140.919998169 -9.502088547 358.710052490 0.027862020 0.998942256 0.011422797 0.034750804
326840600000.000000 141.239349365 -9.456076622 354.421569824 0.024018433 0.999053955 0.011001502 0.034544509
327151400000.000000 141.465560913 -9.435364723 351.174407959 0.028382074 0.998888195 0.008054037 0.036769047
327462400000.000000 141.735870361 -9.424252510 347.921905518 0.025652625 0.998872101 0.011420956 0.038288478
327773400000.000000 141.983093262 -9.406517029 344.675903320 0.027126387 0.998879731 0.008226470 0.037891641
328084300000.000000 142.225936890 -9.376079559 341.406494141 0.029490538 0.998782396 0.014726178 0.036704030
328395300000.000000 142.483917236 -9.341737747 338.204040527 0.024948340 0.999023497 0.010420982 0.034943681
328706200000.000000 142.715789795 -9.297672272 334.959289551 0.023114899 0.999057055 0.013656802 0.034120493
328913500000.000000 142.864624023 -9.262588501 332.770751953 0.025381893 0.999051213 0.010978432 0.033643223
329120700000.000000 143.012100220 -9.232326508 330.566406250 0.027099844 0.998951495 0.015645038 0.033418503
329535300000.000000 143.304977417 -9.140134811 326.059631348 0.032881714 0.998794198 0.016018398 0.032747958
329846300000.000000 143.527648926 -9.072295189 322.640838623 0.035912432 0.998733521 0.011857357 0.033182956
330157100000.000000 143.774017334 -9.029861450 319.158721924 0.034421537 0.998746634 0.013791567 0.033617616
330468000000.000000 144.021728516 -8.957602501 315.625823975 0.033989832 0.998714328 0.018473476 0.032758538
330778700000.000000 144.250045776 -8.874978065 312.033874512 0.035067696 0.998776495 0.014473589 0.031721961
331089600000.000000 144.496246338 -8.825899124 308.438079834 0.034967370 0.998799205 0.011503347 0.032328013
331400400000.000000 144.741821289 -8.794840813 304.825836182 0.034953631 0.998715818 0.013979801 0.033904351
331607700000.000000 144.909545898 -8.763612747 302.423919678 0.033487920 0.998689950 0.015100244 0.035621721
331918400000.000000 145.189712524 -8.742425919 298.881378174 0.031444319 0.998799145 0.005969686 0.037094090
332125500000.000000 145.378082275 -8.737584114 296.514556885 0.032197904 0.998684525 0.011928027 0.038082767
332332600000.000000 145.564178467 -8.703114510 294.147918701 0.031923734 0.998623431 0.016130090 0.038366061
332747200000.000000 145.938415527 -8.625091553 289.444030762 0.031665888 0.998745680 0.013047272 0.036526695
333058400000.000000 146.201904297 -8.606792450 285.948028564 0.028694704 0.998899996 0.009561864 0.035834000
333368900000.000000 146.475799561 -8.557412148 282.442871094 0.023930583 0.998900831 0.021517633 0.034081068
333679800000.000000 146.697219849 -8.486764908 279.040924072 0.030834505 0.998933792 0.008629715 0.033256549
333887100000.000000 146.847732544 -8.479454994 276.772155762 0.032040223 0.998887181 0.008868760 0.033454809
334094500000.000000 147.008422852 -8.448847771 274.489562988 0.031080406 0.998758554 0.019476909 0.033705488
334198000000.000000 147.091461182 -8.419967651 273.363494873 0.029666889 0.998722136 0.022957157 0.033867665
334405200000.000000 147.264739990 -8.363240242 271.135925293 0.027423780 0.998751402 0.024004089 0.034167878
334819800000.000000 147.579071045 -8.274976730 266.731994629 0.025847144 0.999105632 0.010018531 0.031930514
335234600000.000000 147.843505859 -8.227219582 262.357574463 0.025105761 0.998984814 0.021922246 0.030306596
335545500000.000000 148.071670532 -8.146961212 259.231048584 0.018316532 0.999173582 0.018028772 0.031489912
335856400000.000000 148.269332886 -8.116975784 256.255340576 0.023495631 0.999082863 0.010571057 0.034200210
336167400000.000000 148.462646484 -8.083850861 253.378128052 0.027567796 0.998834074 0.014652670 0.036822312
336478300000.000000 148.680145264 -8.068557739 250.695281982 0.026497472 0.998869359 0.009001957 0.038430650
336789300000.000000 148.900253296 -8.062296867 248.141693115 0.023115607 0.998871207 0.009847711 0.040312089
337100300000.000000 149.120117188 -8.047100067 245.755142212 0.018143611 0.998723269 0.017802641 0.043655340
337307600000.000000 149.258071899 -8.029136658 244.308715820 0.017583510 0.998686790 0.014305262 0.045944333
337618700000.000000 149.457763672 -8.001367569 242.312713623 0.017251970 0.998502910 0.016274432 0.049289320
338240800000.000000 149.792572021 -7.944168091 238.879287720 0.007673265 0.999263942 0.015033065 0.034449548
338863900000.000000 149.706542969 -7.897474289 236.059967041 -0.011246043 -0.998812079 -0.014886003 0.045015398
339798500000.000000 148.297790527 -7.789895058 232.524780273 -0.027739920 -0.969724059 -0.016275728 0.242076278
340524200000.000000 146.004394531 -7.634020805 230.209762573 -0.020759804 -0.903115630 -0.016989430 0.428558648
341042200000.000000 143.636993408 -7.505906582 229.011047363 -0.017438577 -0.839475572 -0.018316751 0.542808712
341456500000.000000 141.399887085 -7.402132034 228.373947144 -0.014559376 -0.790831268 -0.018239224 0.611589134
341870200000.000000 138.900436401 -7.297051907 227.980361938 -0.018930741 -0.757628322 -0.010465405 0.652327716
342180300000.000000 136.814895630 -7.211805820 227.761032104 -0.020419596 -0.742660940 -0.010111079 0.669279873
342594200000.000000 133.712783813 -7.073537350 227.516387939 -0.022296317 -0.731576860 -0.008132163 0.681345761
342904900000.000000 131.168746948 -6.994366169 227.386993408 -0.020392463 -0.725349069 0.001247923 0.688077986
343215500000.000000 128.417755127 -6.919602871 227.258834839 -0.023471210 -0.724030912 -0.001535428 0.689366400
343629800000.000000 124.529281616 -6.771228790 227.046783447 -0.024423096 -0.724068344 -0.004326879 0.689282119
343940700000.000000 121.508346558 -6.681893826 226.910202026 -0.025588652 -0.724402785 -0.001143588 0.688900948
344147900000.000000 119.490478516 -6.621618271 226.801803589 -0.028624162 -0.725727916 -0.003591357 0.687376738
344355100000.000000 117.442047119 -6.544149399 226.678833008 -0.031542923 -0.728148758 -0.007546484 0.684651375
344562300000.000000 115.416397095 -6.463544846 226.536590576 -0.027164852 -0.730567694 -0.003133367 0.682292640
344769600000.000000 113.384536743 -6.402527809 226.387191772 -0.028887380 -0.732423544 -0.002777515 0.680230498
344976800000.000000 111.372528076 -6.338071823 226.226104736 -0.033058710 -0.734013319 -0.006488834 0.678298950
345184000000.000000 109.377197266 -6.261056900 226.060058594 -0.029983066 -0.734513760 -0.003711395 0.677920938
345495000000.000000 106.402313232 -6.180882454 225.817413330 -0.025719797 -0.734488428 0.002777914 0.678127944
345702200000.000000 104.411239624 -6.134726524 225.671997070 -0.032601338 -0.733677983 0.000099092 0.678714812
345909600000.000000 102.442291260 -6.073919296 225.515304565 -0.032282285 -0.732739151 -0.000285736 0.679743409
346220600000.000000 99.527725220 -5.989350319 225.305984497 -0.032690808 -0.731780767 0.003439969 0.680746973
346635100000.000000 95.670120239 -5.870023727 225.033737183 -0.037971530 -0.733331323 0.002308967 0.678806305
346842400000.000000 93.773132324 -5.799519539 224.872802734 -0.038561918 -0.734051228 -0.000148245 0.677998364
347153500000.000000 91.016754150 -5.692009926 224.641754150 -0.037075810 -0.734819174 -0.000636750 0.677248776
347464300000.000000 88.440963745 -5.603487968 224.436645508 -0.035901830 -0.735225976 -0.000095547 0.676870704
352439900000.000000 68.465240479 -4.905830383 234.170471191 0.002633476 -0.092304565 0.000003575 0.995727360
352647000000.000000 68.352851868 -4.915429592 235.240798950 0.006515839 -0.065642498 0.002727140 0.997818232
352750300000.000000 68.298370361 -4.920355320 235.782653809 0.005876054 -0.054843433 0.002156163 0.998475373
352957200000.000000 68.234611511 -4.938523293 236.882049561 0.000095946 -0.041261304 0.005382870 0.999133885
353163900000.000000 68.160095215 -4.956987381 238.007904053 -0.003596661 -0.033370320 0.003605203 0.999430120
357617500000.000000 52.767700195 -4.536665440 249.340026855 -0.005366928 -0.725418806 -0.022921443 0.687905073
360209900000.000000 29.312805176 -3.735859871 247.881927490 -0.011289912 -0.732215345 -0.015804453 0.680796206
360728200000.000000 23.787414551 -3.588313580 247.474227905 -0.012338814 -0.731285572 -0.015331232 0.681787431
360935500000.000000 21.587188721 -3.523790836 247.332366943 -0.016250448 -0.731423676 -0.012259923 0.681619406
361971900000.000000 10.781585693 -3.189164639 246.388412476 -0.012512343 -0.738153338 -0.020194285 0.674214661
362904400000.000000 2.101135254 -2.918333292 245.495895386 -0.003496400 -0.738891780 -0.031428065 0.673081815
363111600000.000000 0.411346436 -2.866730690 245.332870483 -0.002737020 -0.738933563 -0.031290043 0.673045754
363215400000.000000 -0.395874023 -2.839829445 245.261123657 -0.003225569 -0.739137471 -0.029957373 0.672880411
363319000000.000000 -1.176940918 -2.816393852 245.186676025 -0.003143876 -0.739325643 -0.030063815 0.672669232
363526300000.000000 -2.663085938 -2.771824360 245.042114258 -0.002536504 -0.739177763 -0.030983360 0.672792554
363629900000.000000 -3.361511230 -2.751514673 244.975494385 -0.002534336 -0.738781333 -0.031317700 0.673212409
363733700000.000000 -4.038879395 -2.731639862 244.913955688 -0.003247483 -0.738001168 -0.031989060 0.674032986
369226300000.000000 -18.178808212 -2.497914553 257.045593262 0.002612901 -0.022586523 -0.001008078 0.999740958
369639400000.000000 -18.320686340 -2.529623747 260.412384033 0.002324266 -0.019446269 -0.001153653 0.999807537
369949600000.000000 -18.442344666 -2.548596859 263.171295166 0.000144273 -0.021422749 -0.000639754 0.999770284
370985500000.000000 -19.032682419 -2.633954525 273.733215332 0.007532424 -0.028785568 0.002466936 0.999554217
371296500000.000000 -19.255311966 -2.691961527 277.271820068 -0.001450428 -0.029691586 0.000031539 0.999558091
371607600000.000000 -19.476535797 -2.693718433 280.882537842 0.000346456 -0.030817639 0.001283912 0.999524117
371918600000.000000 -19.715045929 -2.733929634 284.590942383 0.002109135 -0.032124907 0.002340873 0.999478877
373784500000.000000 -21.248975754 -3.067726374 307.562927246 -0.003438402 -0.029089972 -0.005532843 0.999555588
373991800000.000000 -21.414297104 -3.088169813 310.158660889 0.000068719 -0.029032633 -0.008623596 0.999541283
374302700000.000000 -21.663219452 -3.148750305 314.078186035 0.003794166 -0.029546402 -0.012625840 0.999476492
375131900000.000000 -22.336849213 -3.267766237 324.552459717 -0.001476771 -0.032078125 -0.011883700 0.999413610
375443000000.000000 -22.603723526 -3.314137936 328.476776123 0.001562665 -0.032391369 -0.012171773 0.999399900
375650300000.000000 -22.780536652 -3.348079205 331.088989258 -0.001901814 -0.031840663 -0.012319692 0.999415219
375961300000.000000 -23.034868240 -3.376540899 335.000091553 -0.002381238 -0.031357408 -0.010505071 0.999450207
376272200000.000000 -23.275390625 -3.415864468 338.877258301 -0.001121410 -0.031849273 -0.006960417 0.999467850
376686800000.000000 -23.601926804 -3.454466105 343.984161377 -0.002194245 -0.033486903 0.000144381 0.999436736
376894000000.000000 -23.775487900 -3.478102922 346.493560791 -0.002181411 -0.034373537 0.001628443 0.999405384
377204900000.000000 -24.024459839 -3.520708084 350.145477295 -0.007297445 -0.035386097 0.004899271 0.999335110
377515900000.000000 -24.275915146 -3.541626930 353.610809326 -0.004730327 -0.036332570 0.005881704 0.999311268
378034400000.000000 -24.687452316 -3.595254660 359.120910645 -0.002874594 -0.033427604 0.002334590 0.999434292
378241600000.000000 -24.819040298 -3.619792461 361.205688477 -0.003119569 -0.030926835 0.002776089 0.999512911
378552600000.000000 -24.989212036 -3.655070066 364.198760986 -0.004483117 -0.027407128 0.005078477 0.999601424
378760000000.000000 -25.077306747 -3.671095133 366.072692871 -0.006907909 -0.025279557 0.006346392 0.999636412
379071100000.000000 -25.200281143 -3.696151972 368.685394287 -0.003389223 -0.022192771 0.005307353 0.999733925
379174700000.000000 -25.236175537 -3.704990387 369.499786377 -0.001779901 -0.021236476 0.004774232 0.999761522
379382000000.000000 -25.304237366 -3.725108147 371.065917969 -0.004373265 -0.019695904 0.004370195 0.999786913
379485700000.000000 -25.338275909 -3.738342285 371.806152344 -0.005134857 -0.019183166 0.004190277 0.999794006
379899800000.000000 -25.491331100 -3.779155731 374.444305420 -0.001024899 -0.028350655 0.000065205 0.999597490
380210500000.000000 -25.659233093 -3.802761555 376.160827637 -0.002205992 -0.046035044 -0.002604995 0.998934031
380520500000.000000 -25.936088562 -3.822650433 377.704254150 -0.003248668 -0.088973731 -0.000861102 0.996028304
380933200000.000000 -26.688793182 -3.821405888 379.540313721 -0.012288987 -0.198606074 -0.001110563 0.980001748
381449700000.000000 -28.206047058 -3.783397198 381.362548828 -0.025711998 -0.368756294 -0.006230691 0.929149568
381863300000.000000 -29.917892456 -3.677942276 382.363616943 -0.031813152 -0.510755599 -0.007363596 0.859105587
382381200000.000000 -32.566955566 -3.564799309 382.862701416 -0.026045851 -0.670944214 0.008634169 0.741000056
382693100000.000000 -34.286743164 -3.529782295 382.708709717 -0.027690835 -0.731434524 -0.001105915 0.681348324
384150400000.000000 -43.763488770 -3.243136406 380.923217773 -0.016729770 -0.764590919 -0.003646658 0.644288480
384358100000.000000 -45.413238525 -3.203111649 380.642913818 -0.011659048 -0.758840203 -0.007010924 0.651134789
384565700000.000000 -47.150451660 -3.156849861 380.393493652 -0.010515615 -0.752183437 -0.012899028 0.658743560
384876900000.000000 -49.903625488 -3.073438644 380.074432373 -0.009201437 -0.742426157 -0.014189151 0.669714510
385187800000.000000 -52.833831787 -2.978499413 379.815948486 -0.014860670 -0.737319708 -0.016183857 0.675186574
385498700000.000000 -55.886383057 -2.858887672 379.552093506 -0.013853863 -0.735923111 -0.017144497 0.676706195
385809700000.000000 -59.034881592 -2.748393536 379.275238037 -0.010345554 -0.734701633 -0.016475571 0.678111374
386224300000.000000 -63.375823975 -2.614039421 378.932739258 -0.009719596 -0.731974602 -0.020008631 0.680968702
386431500000.000000 -65.565124512 -2.538904667 378.766296387 -0.009714103 -0.731074095 -0.020695191 0.681914985
386845900000.000000 -69.986816406 -2.398468018 378.433166504 -0.010910516 -0.731429160 -0.023036703 0.681440949
387156900000.000000 -73.305877686 -2.277006626 378.176635742 -0.009053148 -0.732887447 -0.020776594 0.679972410
387364100000.000000 -75.525756836 -2.212031364 378.002960205 -0.010193358 -0.734186471 -0.021114904 0.678542912
387986100000.000000 -82.133789062 -2.000911236 377.438629150 -0.009046389 -0.733947694 -0.024810536 0.678692400
389333700000.000000 -95.729614258 -1.558727264 376.661773682 -0.009480650 -0.719257951 -0.022094075 0.694326997
389852000000.000000 -100.305511475 -1.448132515 376.514190674 -0.012657830 -0.719103634 -0.016356612 0.694594979
392028700000.000000 -119.686370850 -0.887058020 374.299682617 -0.001167915 -0.741688848 -0.025231648 0.670268357
392443300000.000000 -123.996429443 -0.711703539 373.917877197 -0.000909009 -0.735449135 -0.021518400 0.677237570
392650700000.000000 -126.254058838 -0.636279106 373.715484619 0.000998429 -0.732178152 -0.028609982 0.680511296
394101500000.000000 -142.914047241 -0.218875408 373.034362793 -0.006755925 -0.717207074 -0.016237183 0.696638167
394412100000.000000 -146.477478027 -0.153230667 372.902984619 -0.014434118 -0.724140048 -0.011971848 0.689397931
394722800000.000000 -150.006958008 -0.063788414 372.648864746 -0.006939253 -0.729530454 -0.015666666 0.683733702
395033900000.000000 -153.523620605 0.014493942 372.389648438 -0.009780481 -0.731704950 -0.017562129 0.681325138
395448400000.000000 -158.163009644 0.157696247 372.029052734 -0.006582696 -0.733020902 -0.017621974 0.679946065
395966800000.000000 -163.929702759 0.321332932 371.571136475 -0.016654169 -0.736672938 -0.018966114 0.675778031
396174100000.000000 -166.210205078 0.399414062 371.354248047 -0.012712311 -0.738529265 -0.020435626 0.673791707
397210500000.000000 -177.378860474 0.763063431 370.196777344 -0.012562283 -0.741217196 -0.022182992 0.670781016
397521500000.000000 -180.631881714 0.867657661 369.871856689 -0.010843551 -0.741423130 -0.014161494 0.670800745
398454400000.000000 -190.442108154 1.127676487 368.918823242 -0.005551699 -0.733807087 -0.019686520 0.679049909
398661600000.000000 -192.625381470 1.176973820 368.769104004 -0.007728823 -0.730993867 -0.014536133 0.682185531
398868900000.000000 -194.841659546 1.228076935 368.638305664 -0.012654422 -0.728538513 -0.012431014 0.684775114
399076100000.000000 -197.069824219 1.293438911 368.512115479 -0.017558483 -0.727189124 -0.012836820 0.686092496
399283400000.000000 -199.295867920 1.360422134 368.379577637 -0.017151600 -0.726251066 -0.012289437 0.687105656
399387100000.000000 -200.418106079 1.397955894 368.311584473 -0.016361142 -0.725394964 -0.014847743 0.687978208
399594400000.000000 -202.683013916 1.476031303 368.176849365 -0.010640915 -0.722663879 -0.018527441 0.690869331
399905400000.000000 -206.111114502 1.577340126 368.019104004 -0.007736160 -0.717724025 -0.022209672 0.695930362
400216200000.000000 -209.592193604 1.694244385 367.931518555 -0.010502174 -0.714206994 -0.023241566 0.699469745
400527200000.000000 -213.077850342 1.820207596 367.861328125 -0.011170022 -0.712626457 -0.023006044 0.701077342
400734400000.000000 -215.387939453 1.899026871 367.819488525 -0.011983853 -0.711528182 -0.023904191 0.702148676
400941700000.000000 -217.711288452 1.985895157 367.796997070 -0.012244090 -0.710634708 -0.021816835 0.703116238
401252700000.000000 -221.159957886 2.102068901 367.766571045 -0.011648195 -0.708379924 -0.019435370 0.705467582
401563700000.000000 -224.588455200 2.209197044 367.765716553 -0.013919661 -0.704174161 -0.021985767 0.709550381
401874700000.000000 -227.913146973 2.326650620 367.811614990 -0.012091285 -0.697591662 -0.024407379 0.715977609
402185800000.000000 -231.098098755 2.430663109 367.931915283 -0.012063401 -0.691011369 -0.023006478 0.722376943
402393000000.000000 -233.128601074 2.489180565 368.036895752 -0.013157069 -0.688814759 -0.020737397 0.724521279
402600300000.000000 -235.125000000 2.554263115 368.149261475 -0.017261282 -0.686973572 -0.021847680 0.726148784
402911100000.000000 -237.965759277 2.642879486 368.325164795 -0.012877467 -0.684876263 -0.014794872 0.728395462
403118400000.000000 -239.784301758 2.696427345 368.432373047 -0.015329004 -0.681761622 -0.022102369 0.731079757
403325900000.000000 -241.507354736 2.752085686 368.555908203 -0.014490239 -0.676445842 -0.026890421 0.735858679
403637000000.000000 -243.892532349 2.835818291 368.809143066 -0.013743960 -0.664733708 -0.025070520 0.746533096
404155700000.000000 -247.326705933 2.915465355 369.430847168 -0.018114069 -0.634831965 -0.014495838 0.772301853
404777300000.000000 -250.772842407 3.012154579 370.267822266 -0.026713023 -0.621090174 -0.003454728 0.783276200
405295100000.000000 -253.191162109 3.077429771 370.770324707 -0.027847951 -0.634610653 -0.004290588 0.772318184
405812800000.000000 -255.300628662 3.141737938 371.017730713 -0.026653860 -0.668700695 -0.003094290 0.743047357
406331000000.000000 -257.330505371 3.198243141 371.018005371 -0.024043156 -0.704640210 -0.007585023 0.709116757
406642200000.000000 -258.545776367 3.239612579 370.945861816 -0.018145369 -0.716631234 -0.010934019 0.697130501
406849700000.000000 -259.395568848 3.267508507 370.902191162 -0.015998462 -0.718831837 -0.013845919 0.694861948
406953500000.000000 -259.831787109 3.280065536 370.885986328 -0.015549364 -0.718440354 -0.014863077 0.695255876
407057300000.000000 -260.266357422 3.293282509 370.869720459 -0.014661010 -0.717334509 -0.016127754 0.696387947
407161100000.000000 -260.705596924 3.305294991 370.856964111 -0.013913736 -0.716134250 -0.016917188 0.697618842
407264700000.000000 -261.143432617 3.319412231 370.849822998 -0.012551408 -0.714694560 -0.018236021 0.699086249
407472200000.000000 -262.025604248 3.352934837 370.831878662 -0.009209593 -0.708198369 -0.020279307 0.705662072
407887000000.000000 -263.768920898 3.401439667 370.861785889 -0.008625536 -0.692236781 -0.024602763 0.721199393
408612300000.000000 -266.566223145 3.480921745 371.130981445 -0.006242848 -0.665419519 -0.025216972 0.746017396
409647200000.000000 -269.802368164 3.550941467 371.417053223 -0.008202591 -0.696660995 -0.016458644 0.717164755
410370900000.000000 -272.223785400 3.646823883 370.914245605 -0.008924048 -0.786430180 -0.016753206 0.617387533
410991500000.000000 -274.554016113 3.725510120 369.659088135 -0.013174170 -0.876191556 -0.011051479 0.481656253
411509100000.000000 -276.394470215 3.812539101 367.712097168 -0.021741970 -0.939995110 -0.010590115 0.340329796
411923800000.000000 -277.606597900 3.886445999 365.512145996 -0.025707072 -0.972929001 -0.012046720 0.229353815
412235200000.000000 -278.309722900 3.947437286 363.554656982 -0.027207050 -0.985485137 -0.014155372 0.166968375
412546700000.000000 -278.869262695 4.009521484 361.368103027 -0.031018160 -0.992465079 -0.009813165 0.118129648
412754200000.000000 -279.169555664 4.047230721 359.785675049 -0.034092262 -0.995214522 -0.005232799 0.091424294
413065500000.000000 -279.502105713 4.084420204 357.211730957 -0.039744224 -0.997621357 -0.009330237 0.055542335
413377000000.000000 -279.688720703 4.132438660 354.413177490 -0.032739986 -0.998763978 -0.005808539 0.036943704
413792400000.000000 -279.952789307 4.174076080 350.376678467 -0.033701465 -0.998851717 -0.007123555 0.033297263
414103400000.000000 -280.145812988 4.221247673 347.161529541 -0.032895964 -0.998925745 -0.008774506 0.031436209
414310700000.000000 -280.266082764 4.261107445 344.944641113 -0.031075394 -0.999014437 -0.010458947 0.029917585
414517800000.000000 -280.389495850 4.300536156 342.678039551 -0.030284481 -0.999101222 -0.010190099 0.027852140
414725000000.000000 -280.503967285 4.325881958 340.373107910 -0.031355146 -0.999149084 -0.009028501 0.025227562
414932100000.000000 -280.608489990 4.354146481 338.022552490 -0.032037664 -0.999179244 -0.011103778 0.022163466
415139400000.000000 -280.696197510 4.401432037 335.610839844 -0.033675205 -0.999113560 -0.016998764 0.018683661
415346600000.000000 -280.776672363 4.457558632 333.178253174 -0.035232086 -0.999146581 -0.015303926 0.015187636
415553800000.000000 -280.823944092 4.480454445 330.775238037 -0.032219868 -0.999386251 -0.003035350 0.013413022
415761200000.000000 -280.862762451 4.475555897 328.342681885 -0.029449001 -0.999474943 -0.008713016 0.010328346
415968400000.000000 -280.882293701 4.502194405 325.932495117 -0.028581146 -0.999460101 -0.015194412 0.005634765
416175600000.000000 -280.889099121 4.544847012 323.526580811 -0.028889354 -0.999487102 -0.013819817 0.000030728
416382900000.000000 -280.857208252 4.579346180 321.122741699 0.029328611 0.999451160 0.014392902 0.005485531
416693600000.000000 -280.769805908 4.629021645 317.557403564 0.031374291 0.999278843 0.016261503 0.013894198
416900800000.000000 -280.683898926 4.669430256 315.185058594 0.033520903 0.999120057 0.015743535 0.019689335
417108100000.000000 -280.579406738 4.710785866 312.805938721 0.034084231 0.998976231 0.015772071 0.025218822
417315300000.000000 -280.448699951 4.736988068 310.472381592 0.036499206 0.998798311 0.013837646 0.029635327
417522500000.000000 -280.296936035 4.759935379 308.138397217 0.039071035 0.998527765 0.015047629 0.034488000
417729800000.000000 -280.130310059 4.791051865 305.810882568 0.041699674 0.998246133 0.014015977 0.039615534
417937100000.000000 -279.931457520 4.818521500 303.481781006 0.043379299 0.997963548 0.015880184 0.043986492
418144300000.000000 -279.702941895 4.855605125 301.157196045 0.042991657 0.997845531 0.014088051 0.047513720
418351500000.000000 -279.471252441 4.877647877 298.838256836 0.042462550 0.997715473 0.013103087 0.050883472
418558800000.000000 -279.209747314 4.897356987 296.527587891 0.043042105 0.997543633 0.013050266 0.053701721
418766000000.000000 -278.948211670 4.917997360 294.192871094 0.044055432 0.997313976 0.012001957 0.057271041
419076900000.000000 -278.500854492 4.937137127 290.724517822 0.041778646 0.997110903 0.012460568 0.062202089
419284100000.000000 -278.186035156 4.955888271 288.392333984 0.042053744 0.996887267 0.012252769 0.065552078
419491300000.000000 -277.861389160 4.973262310 286.035156250 0.043201279 0.996591866 0.012650881 0.069125399
419698600000.000000 -277.504150391 4.986534595 283.685180664 0.042274836 0.996381640 0.013462280 0.072493501
419905700000.000000 -277.141052246 5.005072594 281.320159912 0.040540028 0.996179998 0.013164232 0.076214522
420112900000.000000 -276.744384766 5.025305271 278.938049316 0.038134817 0.996041358 0.011586144 0.079454899
420216500000.000000 -276.540222168 5.036902905 277.756774902 0.036684725 0.995954514 0.011140325 0.081269599
420423700000.000000 -276.121459961 5.057027817 275.352172852 0.035118748 0.995659649 0.012308374 0.085305654
420631000000.000000 -275.692016602 5.067411423 272.952301025 0.034764253 0.995292485 0.011863664 0.089685991
420734500000.000000 -275.467468262 5.075948715 271.751953125 0.035281964 0.995060265 0.011564807 0.092068486
420941700000.000000 -274.987670898 5.095863342 269.325866699 0.034461252 0.994603038 0.013367467 0.096946314
421252400000.000000 -274.230651855 5.129075527 265.670684814 0.032207347 0.993800581 0.014144486 0.105465762
421459700000.000000 -273.679687500 5.155231476 263.248626709 0.031903747 0.993246019 0.011857192 0.110923328
421666700000.000000 -273.104675293 5.171768665 260.798828125 0.032645449 0.992604673 0.011732950 0.116329640
421770400000.000000 -272.803527832 5.183906555 259.570648193 0.031240620 0.992317259 0.012599656 0.119045056
421977700000.000000 -272.163360596 5.209282398 257.106628418 0.029192174 0.991768181 0.014694009 0.123805299
422081400000.000000 -271.840057373 5.222682476 255.882995605 0.029519612 0.991462708 0.014604921 0.126162514
422288600000.000000 -271.185638428 5.239202023 253.421295166 0.033295654 0.990660727 0.013466585 0.131534740
422392200000.000000 -270.851074219 5.245842457 252.191162109 0.034782834 0.990186274 0.013556265 0.134675652
422495800000.000000 -270.508239746 5.254083633 250.965789795 0.035980329 0.989732504 0.013827913 0.137636364
422703100000.000000 -269.787719727 5.268738747 248.504272461 0.036233898 0.988932490 0.015745346 0.143009782
422910300000.000000 -269.042053223 5.284676552 246.050720215 0.036791395 0.988307297 0.015146877 0.147192612
423117500000.000000 -268.294128418 5.292010784 243.632843018 0.038516775 0.987754822 0.011102487 0.150776774
423324700000.000000 -267.524078369 5.292892456 241.189666748 0.039164547 0.987133384 0.012790770 0.154499874
423635700000.000000 -266.326721191 5.300602913 237.597656250 0.038979806 0.986304224 0.014356057 0.159619987
423842900000.000000 -265.511657715 5.310398102 235.188201904 0.039572760 0.985633731 0.013408229 0.163647071
424050200000.000000 -264.673675537 5.304631233 232.786346436 0.041577697 0.984693527 0.011183116 0.168893144
424153800000.000000 -264.247985840 5.300288200 231.587554932 0.042134959 0.984222651 0.011414332 0.171464771
424257400000.000000 -263.815795898 5.296877384 230.382812500 0.042132754 0.983741641 0.012983905 0.174093708
424361200000.000000 -263.372406006 5.294374943 229.195770264 0.042400543 0.983273387 0.015360753 0.176464468
424568200000.000000 -262.473815918 5.302853584 226.798522949 0.044719610 0.982268631 0.017172210 0.181255788
424775500000.000000 -261.558654785 5.310186386 224.418579102 0.046425983 0.981529891 0.014357877 0.185034171
424982800000.000000 -260.622894287 5.296836853 222.068298340 0.044604268 0.981029570 0.012256029 0.188258439
425189900000.000000 -259.671203613 5.286989212 219.733367920 0.041819982 0.980643749 0.013960160 0.190772146
425397200000.000000 -258.717956543 5.278108120 217.406585693 0.041736592 0.980183184 0.013384297 0.193183586
425604500000.000000 -257.747222900 5.268050671 215.076599121 0.041448306 0.979745507 0.012420643 0.195516109
425811700000.000000 -256.768096924 5.260230541 212.756927490 0.040783670 0.979259610 0.015664572 0.197843388
426019000000.000000 -255.784118652 5.264716625 210.461334229 0.041113760 0.978634238 0.013181208 0.201024786
426226200000.000000 -254.789123535 5.253877163 208.172637939 0.040911786 0.977895319 0.011984271 0.204703212
426433300000.000000 -253.777862549 5.240909576 205.879638672 0.041099068 0.977020681 0.014111505 0.208667904
426640400000.000000 -252.743362427 5.234315872 203.615722656 0.038425695 0.976219416 0.014351153 0.212869152
426847600000.000000 -251.686889648 5.224840641 201.378143311 0.034996811 0.975523472 0.011885706 0.216767147
427055000000.000000 -250.616607666 5.211558342 199.157348633 0.032926545 0.974718928 0.010089179 0.220764801
427158600000.000000 -250.076431274 5.205679417 198.039215088 0.033070035 0.974141598 0.011442789 0.223212138
427262200000.000000 -249.525894165 5.203349113 196.912567139 0.032552227 0.973491132 0.013122388 0.226015761
427365900000.000000 -248.964523315 5.200319290 195.802612305 0.032147981 0.972886086 0.014449687 0.228583559
427469500000.000000 -248.407302856 5.197411060 194.700408936 0.031671476 0.972273707 0.014208974 0.231255084
427676900000.000000 -247.271438599 5.189519405 192.504821777 0.031648420 0.971108794 0.013294337 0.236155242
427884000000.000000 -246.127731323 5.175837040 190.348022461 0.030655969 0.970035613 0.012412271 0.240701124
428091400000.000000 -244.952453613 5.165551186 188.197143555 0.029416297 0.969160318 0.011679500 0.244390309
428298600000.000000 -243.763092041 5.153317928 186.048004150 0.028937832 0.968213975 0.013880212 0.248055726
428505900000.000000 -242.583938599 5.146742344 183.925659180 0.031737320 0.967099309 0.015316122 0.251946718
428713100000.000000 -241.385955811 5.146494865 181.810974121 0.033936445 0.965959132 0.016512526 0.255926907
428920200000.000000 -240.169891357 5.145625114 179.701385498 0.035895448 0.964851618 0.016530989 0.259806782
429127400000.000000 -238.931533813 5.137554169 177.601318359 0.035841361 0.963827133 0.014185513 0.263726175
429334700000.000000 -237.661132812 5.124098301 175.512268066 0.033366572 0.962872326 0.015020895 0.267465740
429541900000.000000 -236.364685059 5.123001575 173.412963867 0.032290537 0.961871624 0.012794803 0.271287113
429749000000.000000 -235.059722900 5.108733177 171.317321777 0.034426156 0.960703254 0.011002602 0.275214553
429956300000.000000 -233.732330322 5.084052563 169.211944580 0.037577190 0.959314764 0.012145660 0.279563278
430163500000.000000 -232.379455566 5.061758995 167.109558105 0.039883889 0.957826376 0.012433739 0.284294426
430267100000.000000 -231.689788818 5.046396255 166.064575195 0.040085893 0.957212567 0.011288053 0.286373705
430370700000.000000 -230.990463257 5.032796860 165.013671875 0.039965760 0.956576109 0.011338649 0.288507074
430474400000.000000 -230.272644043 5.018096924 163.945159912 0.038668383 0.955900669 0.012521759 0.290863961
430578100000.000000 -229.564086914 5.006556511 162.893951416 0.038801044 0.955150664 0.014071498 0.293229818
430681700000.000000 -228.845184326 4.993219376 161.843719482 0.037603911 0.954475701 0.013586714 0.295596868
430785400000.000000 -228.120285034 4.982873917 160.816497803 0.036046449 0.953955710 0.012185701 0.297524333
430889000000.000000 -227.388656616 4.972336769 159.793151855 0.034209609 0.953450978 0.010917631 0.299402446
430992800000.000000 -226.662139893 4.952711582 158.780303955 0.032230515 0.952915668 0.011212134 0.301309288
431096400000.000000 -225.933807373 4.936733723 157.760375977 0.032470241 0.952316344 0.012039663 0.303140789
431303700000.000000 -224.479812622 4.907262802 155.761901855 0.032121554 0.951133788 0.012343471 0.306855649
431511000000.000000 -222.994201660 4.885649681 153.752624512 0.029124824 0.950079024 0.013070130 0.310371995
431718200000.000000 -221.499145508 4.865928173 151.760101318 0.027021563 0.949056208 0.012319136 0.313704371
432029000000.000000 -219.265350342 4.834854126 148.814788818 0.028905833 0.947238922 0.008244001 0.319116056
432236300000.000000 -217.763305664 4.793867588 146.864685059 0.027129736 0.946163058 0.009210693 0.322419941
432443500000.000000 -216.252807617 4.757643700 144.937896729 0.028083486 0.944795966 0.011109918 0.326264471
432650600000.000000 -214.734863281 4.727878571 143.034027100 0.029026326 0.942985177 0.010471420 0.331401259
432857700000.000000 -213.177520752 4.702458382 141.135711670 0.027230021 0.941536129 0.013095461 0.335554540
433065000000.000000 -211.613143921 4.689620018 139.234069824 0.030328088 0.939717293 0.014392150 0.340300649
433272200000.000000 -210.028091431 4.675473213 137.360565186 0.031420663 0.937876403 0.015358904 0.345202446
433479400000.000000 -208.400878906 4.666462898 135.486450195 0.028712347 0.936188698 0.015794400 0.349966943
433686600000.000000 -206.771499634 4.652019501 133.631652832 0.032083016 0.934500337 0.014115771 0.354232401
433894000000.000000 -205.117630005 4.628158092 131.767150879 0.034327932 0.932933569 0.013772588 0.358143687
434101200000.000000 -203.428253174 4.606713772 129.916046143 0.033528510 0.931600690 0.014155119 0.361656845
434308600000.000000 -201.719131470 4.587265968 128.067260742 0.034444086 0.930081606 0.015818346 0.365392387
434412200000.000000 -200.869506836 4.578492165 127.151519775 0.036162902 0.929277837 0.015450456 0.367282391
434619500000.000000 -199.134948730 4.549128532 125.323577881 0.036596458 0.927594423 0.012068859 0.371596158
434826900000.000000 -197.359848022 4.512600422 123.496093750 0.033344757 0.926105261 0.010428512 0.375644118
435034200000.000000 -195.554885864 4.470358849 121.673675537 0.032056209 0.924595773 0.009625583 0.379476458
435137800000.000000 -194.649841309 4.444957733 120.763916016 0.032183189 0.923685789 0.010680082 0.381647438
435345100000.000000 -192.804412842 4.405372620 118.942962646 0.031255815 0.922045648 0.011006606 0.385660261
435552500000.000000 -190.938995361 4.371087551 117.129333496 0.030950647 0.920242965 0.011172364 0.389961660
435759700000.000000 -189.047790527 4.332807541 115.318679810 0.030690143 0.918329954 0.010677974 0.394479662
436070700000.000000 -186.175231934 4.263221741 112.617767334 0.032908868 0.915498853 0.011300655 0.400813162
436381400000.000000 -183.217315674 4.207532883 109.946334839 0.027965810 0.913237453 0.010863970 0.406321734
436588600000.000000 -181.230102539 4.168992996 108.197021484 0.025188396 0.912133336 0.007632291 0.409047812
436796000000.000000 -179.232116699 4.125195026 106.440292358 0.024694609 0.911096573 0.007900491 0.411376745
437003200000.000000 -177.224258423 4.084523201 104.680297852 0.025452811 0.910257936 0.009265610 0.413154811
437210600000.000000 -175.186492920 4.045482635 102.921737671 0.023285754 0.909588814 0.009071799 0.414757460
437417900000.000000 -173.114166260 4.006520271 101.149749756 0.020913942 0.909157097 0.005810660 0.415887237
437625300000.000000 -171.047958374 3.954012394 99.397460938 0.018231826 0.908751130 0.007522782 0.416872174
437832600000.000000 -168.971618652 3.923831224 97.628707886 0.013886156 0.908810735 0.008758669 0.416885436
438040000000.000000 -166.925155640 3.904380560 95.867156982 0.016043335 0.909473419 0.008668326 0.415362030
438350700000.000000 -163.892013550 3.852076292 93.180053711 0.028550785 0.909787655 0.013528476 0.413869917
438558000000.000000 -161.871780396 3.819809914 91.393936157 0.032108556 0.910470545 0.014152128 0.412082821
438765200000.000000 -159.847961426 3.788932323 89.623886108 0.028833402 0.911201596 0.014423177 0.410697252
438972400000.000000 -157.837036133 3.755234718 87.855300903 0.026688082 0.911830127 0.011376725 0.409541488
439179700000.000000 -155.836212158 3.711886406 86.090301514 0.027410440 0.912043929 0.009919577 0.409055233
439387000000.000000 -153.855285645 3.659217834 84.317962646 0.030501749 0.912064016 0.008370417 0.408826113
439594300000.000000 -151.873992920 3.604465008 82.542251587 0.033448692 0.911720634 0.011339384 0.409289807
439801600000.000000 -149.881072998 3.552135229 80.751815796 0.036163598 0.911122918 0.013924990 0.410308808
440008900000.000000 -147.869705200 3.517440319 78.982269287 0.035724115 0.910707057 0.012805409 0.411305845
440216200000.000000 -145.851150513 3.470495701 77.219116211 0.032431122 0.910557806 0.014215412 0.411862522
440423400000.000000 -143.835235596 3.429964781 75.454895020 0.031496946 0.910444319 0.013436954 0.412211895
440630700000.000000 -141.809738159 3.391849518 73.679229736 0.032754973 0.910411716 0.012109374 0.412226856
440734200000.000000 -140.801666260 3.372959137 72.793060303 0.033075795 0.910438597 0.011818546 0.412150383
440837900000.000000 -139.790985107 3.349848986 71.905242920 0.033115875 0.910385013 0.012876009 0.412233919
441045100000.000000 -137.770614624 3.306938648 70.140594482 0.032096323 0.910526931 0.012396585 0.412015647
441252200000.000000 -135.747528076 3.259640217 68.368530273 0.031909157 0.910661995 0.008861623 0.411822736
441459400000.000000 -133.744308472 3.197690248 66.597106934 0.032128815 0.910579801 0.009030577 0.411983728
441770300000.000000 -130.720611572 3.107748508 63.955322266 0.029707896 0.910720587 0.011895911 0.411781490
441977500000.000000 -128.710174561 3.067219734 62.192962646 0.025810957 0.910835922 0.012780545 0.411762565
442184700000.000000 -126.710716248 3.034446239 60.461868286 0.023095351 0.911077678 0.008995784 0.411488950
442288300000.000000 -125.705856323 3.013719082 59.582092285 0.022485876 0.911135614 0.007685232 0.411421031
442495800000.000000 -123.706985474 2.965490818 57.830596924 0.020918984 0.911014497 0.006340209 0.411794722
442599200000.000000 -122.710357666 2.947206259 56.963760376 0.020587906 0.911110997 0.006666388 0.411592692
442702700000.000000 -121.714752197 2.921566725 56.093170166 0.019392313 0.911092818 0.007792591 0.411671102
442806300000.000000 -120.715476990 2.901944637 55.218505859 0.019291406 0.911010802 0.008579483 0.411841661
443013500000.000000 -118.717117310 2.862879992 53.461425781 0.021393001 0.910838604 0.007124494 0.412146389
443220800000.000000 -116.732597351 2.814858913 51.712524414 0.025068233 0.910611212 0.007456173 0.412435681
443428000000.000000 -114.717910767 2.766971827 49.933059692 0.025781207 0.910256445 0.007980864 0.413164437
443635300000.000000 -112.712966919 2.730106115 48.183517456 0.023412857 0.910175741 0.012274380 0.413378030
443842600000.000000 -110.714752197 2.705149651 46.440841675 0.026014483 0.909926295 0.011120535 0.413803935
444049900000.000000 -108.716262817 2.667854309 44.691925049 0.027578240 0.909620881 0.011763828 0.414355963
444257000000.000000 -106.695083618 2.643487453 42.930313110 0.028681785 0.909311473 0.015740251 0.414827943
444464400000.000000 -104.686363220 2.616936922 41.181121826 0.031808082 0.908929348 0.013462949 0.415517181
444671600000.000000 -102.668518066 2.571386337 39.451660156 0.031440973 0.909089208 0.009187301 0.415311813
444879000000.000000 -100.616439819 2.524612188 37.681655884 0.029945498 0.909193754 0.012352519 0.415111363
445086200000.000000 -98.580909729 2.490486622 35.912055969 0.034435656 0.909085274 0.011303615 0.415030599
445293600000.000000 -96.537185669 2.439970493 34.147445679 0.034541328 0.909242034 0.010458026 0.414700449
445500800000.000000 -94.492324829 2.385055065 32.379882812 0.032074764 0.909488559 0.012041340 0.414314896
445708000000.000000 -92.443496704 2.340522528 30.589912415 0.030843835 0.909420967 0.013792654 0.414502054
445915400000.000000 -90.398872375 2.303595781 28.821929932 0.031106981 0.909405410 0.010652696 0.414609164
446122600000.000000 -88.338050842 2.260736227 27.044349670 0.030250331 0.909285128 0.011128010 0.414923638
446329700000.000000 -86.289550781 2.210983038 25.281913757 0.029821429 0.909095645 0.012513305 0.415330410
446537100000.000000 -84.242584229 2.172470570 23.522911072 0.029328015 0.909044921 0.011746910 0.415498763
446744300000.000000 -82.195541382 2.121612072 21.765762329 0.027478244 0.908918977 0.011190847 0.415915936
446951500000.000000 -80.149002075 2.083529711 20.010253906 0.025435226 0.908863246 0.011973300 0.416145891
447158900000.000000 -78.119781494 2.049125671 18.266769409 0.023314029 0.908765137 0.012362008 0.416472763
447366100000.000000 -76.103744507 2.028299570 16.531700134 0.022609062 0.908765972 0.012355233 0.416510075
447677100000.000000 -73.092468262 1.984829903 13.916503906 0.024904301 0.909208596 0.013180285 0.415386319
447987900000.000000 -70.103332520 1.939852238 11.301223755 0.030280577 0.909854650 0.013985957 0.413584381
448195300000.000000 -68.134483337 1.903763056 9.571525574 0.030639574 0.910312116 0.017180288 0.412429363
448402500000.000000 -66.192779541 1.876562715 7.876770020 0.032237835 0.910979629 0.016665457 0.410851806
448609800000.000000 -64.259185791 1.846073151 6.157165527 0.035632588 0.911303103 0.012879686 0.409989238
448817000000.000000 -62.329364777 1.793248296 4.433898926 0.036187511 0.911358476 0.015697021 0.409719169
448920600000.000000 -61.365928650 1.777397871 3.571777344 0.036250118 0.911418438 0.016066220 0.409565955
449127800000.000000 -59.461120605 1.743315578 1.892341614 0.035414029 0.911673486 0.016939368 0.409035891
449335200000.000000 -57.575828552 1.713171959 0.215522766 0.033889778 0.911761284 0.017183268 0.408959180
449646000000.000000 -54.837768555 1.654309511 -2.227691650 0.030704543 0.911282718 0.016303947 0.410311133
449957000000.000000 -52.200672150 1.605056882 -4.549961090 0.027463503 0.910240710 0.016077042 0.412854850
450268000000.000000 -49.614852905 1.561758757 -6.772388458 0.027976250 0.909413040 0.012283945 0.414770186
450578800000.000000 -47.126686096 1.507204652 -8.948135376 0.033095043 0.907887816 0.015259894 0.417626083
450889900000.000000 -44.776077271 1.450243950 -10.944683075 0.033674363 0.906615078 0.015178045 0.420338929
451097200000.000000 -43.276603699 1.423466325 -12.207149506 0.031634428 0.904957473 0.015582920 0.424038231
451304400000.000000 -41.830924988 1.393697023 -13.372341156 0.028418554 0.902856112 0.015730968 0.428714126
451511600000.000000 -40.440536499 1.366752386 -14.471641541 0.027866067 0.899693489 0.013617274 0.435419083
451718800000.000000 -39.102046967 1.333422184 -15.472480774 0.027598824 0.894215822 0.011421451 0.446638465
452029600000.000000 -37.090198517 1.273536563 -16.845756531 0.025629330 0.880924821 0.011428529 0.472423524
452236600000.000000 -35.746711731 1.242976189 -17.638290405 0.023684537 0.868341625 0.009850570 0.495302826
452547200000.000000 -33.692527771 1.189875841 -18.637451172 0.019886177 0.842220366 0.007832996 0.538709581
452754200000.000000 -32.295166016 1.156681538 -19.129716873 0.016872503 0.818901658 0.004996415 0.573664069
453064900000.000000 -30.157566071 1.094647884 -19.634286880 0.010001292 0.777505994 0.000649744 0.628795683
453375500000.000000 -28.058280945 1.051167369 -19.788703918 0.007510866 0.727478504 0.000897522 0.686088800
453686500000.000000 -26.002037048 0.996375978 -19.609565735 0.006909246 0.670332611 -0.001166859 0.742027700
453894200000.000000 -24.666261673 0.967652798 -19.314960480 0.008104138 0.629751623 -0.003682453 0.776745498
454205100000.000000 -22.756940842 0.913858950 -18.608861923 0.002860109 0.567006946 -0.006380527 0.823683321
454516300000.000000 -20.999658585 0.857254744 -17.653310776 -0.000763448 0.510725677 -0.011194599 0.859670520
454724100000.000000 -19.884151459 0.831150174 -16.918252945 -0.000304020 0.485252142 -0.019423213 0.874158502
455036200000.000000 -18.236000061 0.775922894 -15.786143303 0.000737802 0.468006790 -0.021223713 0.883469701
455243800000.000000 -17.162971497 0.735395432 -15.042893410 0.000841341 0.465501547 -0.019309476 0.884836018
455451500000.000000 -16.105852127 0.694366395 -14.312313080 0.001346990 0.465514153 -0.017194755 0.884872377
455659000000.000000 -15.057165146 0.655536950 -13.605594635 0.001836251 0.468575865 -0.015261093 0.883289576
455970300000.000000 -13.518750191 0.591926396 -12.612244606 0.003387450 0.477844298 -0.011224808 0.878366292
456177400000.000000 -12.536072731 0.557605386 -12.000005722 0.005442758 0.483824462 -0.009201932 0.875099778
456488200000.000000 -11.137894630 0.503528535 -11.157680511 0.007266655 0.492384166 -0.007891339 0.870311916
456902800000.000000 -9.446258545 0.434024155 -10.191461563 0.006662275 0.502893567 -0.004402553 0.864311457
457420800000.000000 -7.682665825 0.369550943 -9.236814499 0.007628895 0.513297319 -0.001867052 0.858174980
458249600000.000000 -5.716554642 0.296699256 -8.188861847 0.014590542 0.509751737 -0.003222054 0.860191822
459181300000.000000 -3.941388130 0.205161661 -6.876177788 0.022753522 0.435122192 -0.009426123 0.900034547
459802400000.000000 -2.650632381 0.114008129 -5.432980537 0.012139403 0.354075432 -0.008200170 0.935102105
460320100000.000000 -1.600236297 0.067748800 -3.763743401 0.010741131 0.273386717 -0.006006232 0.961825490
460838100000.000000 -0.674919844 0.023900714 -1.511099577 0.004893386 0.181492954 -0.003120706 0.983375132
461252500000.000000 -0.119715624 -0.010064202 0.726027787 0.003567583 0.102323741 0.008767264 0.994706154
461667300000.000000 0.126944512 -0.025898961 3.361366272 0.004779576 0.036221594 0.009745286 0.999284863
462186100000.000000 0.081238262 -0.059026487 7.160149574 0.002218982 -0.014582765 0.007879906 0.999860168
462808600000.000000 -0.162770510 -0.112253867 12.325583458 0.002840877 -0.022998972 0.004028070 0.999723375
463119700000.000000 -0.314514548 -0.145842627 15.123295784 0.005616773 -0.023709025 -0.000096733 0.999703169
463637800000.000000 -0.578298032 -0.215204775 20.072130203 0.004010868 -0.030134052 0.002227917 0.999535322
463948700000.000000 -0.792851388 -0.253208369 23.173299789 0.000679382 -0.036053855 0.003676592 0.999342859
464259700000.000000 -1.056620359 -0.272200078 26.395153046 -0.000487377 -0.040646125 0.002576396 0.999170184
464570700000.000000 -1.344734311 -0.302620500 29.690155029 0.000829047 -0.043118268 0.002228499 0.999067128
465088900000.000000 -1.838673711 -0.350533813 35.262031555 0.001684495 -0.045615949 0.005834293 0.998940587
465296200000.000000 -2.051379204 -0.376966476 37.539920807 0.000214124 -0.044549190 0.002178988 0.999004781
466021700000.000000 -2.768057823 -0.427278280 45.609184265 -0.000643395 -0.038396686 -0.004707044 0.999251306
466332600000.000000 -3.030278921 -0.457048118 49.104850769 0.000992242 -0.035684008 -0.005635892 0.999346793
466539700000.000000 -3.193957090 -0.484055430 51.450599670 0.002071301 -0.035720631 -0.004287705 0.999350488
466747000000.000000 -3.353424311 -0.512868524 53.811000824 -0.000258275 -0.035704758 -0.000930289 0.999361932
466954200000.000000 -3.518235445 -0.534989238 56.175281525 0.000183988 -0.035348274 0.001870777 0.999373317
467161400000.000000 -3.669945478 -0.551005840 58.576904297 -0.004814815 -0.034926951 0.004885561 0.999366343
467368700000.000000 -3.836221933 -0.556054235 60.987335205 -0.002163744 -0.034635797 0.004072152 0.999389350
467679600000.000000 -4.108244419 -0.601250052 64.638084412 0.002878469 -0.034314487 -0.000514455 0.999406815
467990600000.000000 -4.379851818 -0.655191600 68.334533691 -0.000647136 -0.034836307 -0.001321565 0.999391973
468198000000.000000 -4.560744286 -0.676408887 70.789566040 -0.003156208 -0.034821104 -0.001708405 0.999387145
468405200000.000000 -4.737944603 -0.697485983 73.235260010 -0.002187100 -0.035048705 -0.003251483 0.999377966
468508800000.000000 -4.827283859 -0.705070674 74.446144104 0.002720443 -0.035159763 -0.003115137 0.999373138
468612400000.000000 -4.916287422 -0.725078285 75.655509949 0.004663229 -0.035118345 -0.003328084 0.999366760
468819600000.000000 -5.073173046 -0.785104394 78.087760925 0.006058362 -0.035334915 0.002153375 0.999354839
469026800000.000000 -5.239463329 -0.836757421 80.504959106 0.003780058 -0.034920789 0.004618593 0.999372244
469234100000.000000 -5.407548904 -0.877138734 82.909454346 -0.002010453 -0.034374092 0.004034573 0.999398887
469441500000.000000 -5.581223011 -0.894846141 85.289268494 -0.004421299 -0.033838719 0.000909648 0.999417126
469648800000.000000 -5.754118443 -0.916247845 87.631362915 -0.000488937 -0.032984857 -0.003021355 0.999451160
469856200000.000000 -5.921023369 -0.947945356 89.958381653 0.001994671 -0.032322735 -0.002622698 0.999472082
470167000000.000000 -6.140287399 -0.990295053 93.461662292 -0.005454956 -0.031122539 0.002567110 0.999497414
470374300000.000000 -6.281839848 -0.995373905 95.777275085 -0.003469840 -0.029949736 0.006298876 0.999525547
